country, type, tier, name, HP, front, sides, rear, view, tfront, tsides, trear, reload, clip_count, clip_rate, shell1_type, shell1_pierce, shell1_damage, shell2_type, shell2_pierce, shell2_damage, shell3_type, shell3_pierce, shell3_damage
china, MT, 8, Ch01_Type59, 1300.0, 100.0, 80.0, 45.0, 380.0, 200.0, 130.0, 60.0, 8.0, -, -, AP, 181.0, 250, APCR, 241.0, 250, HE, 50.0, 330
china, LT, 7, Ch02_Type62, 880.0, 35.0, 20.0, 20.0, 390.0, 45.0, 30.0, 20.0, 5.7, -, -, AP, 145.0, 180, HEAT, 220.0, 180, HE, 43.0, 300
china, HT, 8, Ch03_WZ-111, 1550.0, 120.0, 120.0, 60.0, 380.0, 230.0, 120.0, 60.0, 12.3, -, -, AP, 175.0, 390, HEAT, 250.0, 390, HE, 61.0, 530
china, MT, 7, Ch04_T34_1, 1050.0, 60.0, 45.0, 40.0, 370.0, 170.0, 120.0, 60.0, 8.0, -, -, AP, 175.0, 250, APCR, 235.0, 250, HE, 50.0, 330
china, LT, 1, Ch06_Renault_NC31, 110.0, 16.0, 16.0, 16.0, 280.0, 22.0, 22.0, 16.0, 2.2, -, -, AP, 40.0, 36, APCR, 74.0, 36, HE, 18.0, 42
china, MT, 8, Ch05_T34_2, 1300.0, 70.0, 45.0, 45.0, 380.0, 180.0, 120.0, 60.0, 12.3, -, -, AP, 175.0, 390, HEAT, 250.0, 390, HE, 61.0, 530
china, MT, 8, Ch05_T34_2, 1300.0, 70.0, 45.0, 45.0, 380.0, 180.0, 120.0, 60.0, 8.0, -, -, AP, 181.0, 250, APCR, 241.0, 250, HE, 50.0, 330
china, MT, 9, Ch18_WZ-120, 1650.0, 100.0, 80.0, 45.0, 390.0, 220.0, 160.0, 65.0, 12.3, -, -, AP, 249.0, 440, HEAT, 340.0, 440, HE, 68.0, 530
china, HT, 9, Ch12_111_1_2_3, 1850.0, 120.0, 80.0, 60.0, 400.0, 230.0, 120.0, 60.0, 15.4, -, -, AP, 244.0, 490, HEAT, 340.0, 490, HE, 65.0, 640
china, LT, 2, Ch07_Vickers_MkE_Type_BT26, 170.0, 12.7, 12.7, 12.7, 310.0, 30.0, 15.0, 15.0, 1.2, -, -, AP, 49.0, 45, APCR, 71.0, 45, HE, 23.0, 60
china, HT, 8, Ch11_110, 1550.0, 120.0, 90.0, 60.0, 380.0, 201.0, 148.0, 50.0, 8.0, -, -, AP, 215.0, 320, APCR, 265.0, 320, HE, 50.0, 420
china, LT, 4, Ch09_M5, 340.0, 28.6, 28.6, 25.4, 350.0, 44.5, 31.8, 31.8, 2.1, -, -, AP, 81.0, 70, APCR, 130.0, 70, HE, 25.0, 90
china, LT, 7, Ch16_WZ_131, 900.0, 35.0, 20.0, 20.0, 390.0, 45.0, 30.0, 20.0, 8.0, -, -, AP, 181.0, 250, APCR, 241.0, 250, HE, 50.0, 330
china, HT, 7, Ch10_IS2, 1280.0, 90.0, 90.0, 60.0, 350.0, 100.0, 90.0, 90.0, 12.3, -, -, AP, 175.0, 390, HEAT, 250.0, 390, HE, 61.0, 530
china, LT, 8, Ch17_WZ131_1_WZ132, 1150.0, 50.0, 25.0, 20.0, 400.0, 55.0, 35.0, 20.0, 8.0, -, -, AP, 189.0, 250, APCR, 244.0, 250, HE, 50.0, 330
china, MT, 10, Ch19_121, 1950.0, 120.0, 80.0, 60.0, 400.0, 240.0, 130.0, 60.0, 11.0, -, -, AP, 258.0, 440, HEAT, 340.0, 440, HE, 68.0, 530
china, LT, 3, Ch08_Type97_Chi_Ha, 240.0, 25.0, 25.0, 20.0, 330.0, 35.0, 25.0, 25.0, 2.1, -, -, AP, 81.0, 70, APCR, 130.0, 70, HE, 25.0, 90
china, MT, 5, Ch21_T34, 450.0, 45.0, 40.0, 40.0, 350.0, 52.0, 52.0, 45.0, 2.8, -, -, AP, 112.0, 85, APCR, 189.0, 85, HE, 29.0, 95
china, LT, 6, Ch15_59_16, 590.0, 30.0, 20.0, 20.0, 380.0, 45.0, 30.0, 20.0, 4.0, -, -, AP, 85.0, 115, APCR, 106.0, 115, HE, 38.0, 165
china, MT, 6, Ch20_Type58, 750.0, 45.0, 45.0, 40.0, 370.0, 90.0, 75.0, 52.0, 5.7, -, -, AP, 126.0, 160, APCR, 167.0, 160, HE, 43.0, 280
china, MT, 6, Ch20_Type58, 750.0, 45.0, 45.0, 40.0, 370.0, 90.0, 75.0, 52.0, 5.7, -, -, AP, 128.0, 160, APCR, 172.0, 160, HE, 43.0, 280
china, HT, 10, Ch22_113, 2300.0, 120.0, 120.0, 70.0, 400.0, 290.0, 180.0, 80.0, 12.3, -, -, AP, 249.0, 440, HEAT, 340.0, 440, HE, 68.0, 530
china, MT, 8, Ch26_59_Patton, 1400.0, 100.0, 80.0, 45.0, 400.0, 177.8, 76.2, 50.8, 7.5, -, -, AP, 190.0, 240, HEAT, 250.0, 240, HE, 45.0, 320
china, MT, 8, Ch14_T34_3, 1300.0, 90.0, 50.0, 50.0, 380.0, 190.0, 120.0, 60.0, 12.3, -, -, AP, 175.0, 390, HEAT, 250.0, 390, HE, 61.0, 530
china, HT, 8, Ch23_112, 1500.0, 120.0, 120.0, 60.0, 380.0, 240.0, 130.0, 60.0, 12.3, -, -, AP, 175.0, 390, HEAT, 250.0, 390, HE, 61.0, 530
china, LT, 6, Ch24_Type64, 580.0, 25.4, 12.7, 19.1, 390.0, 25.4, 12.7, 12.7, 3.2, -, -, AP, 128.0, 115, APCR, 177.0, 115, HE, 38.0, 185
czech, LT, 1, Cz06_Kolohousenka, 110.0, 14.0, 8.0, 6.0, 280.0, 14.0, 14.0, 14.0, 2.2, -, -, AP, 45.0, 50, APCR, 70.0, 50, HE, 23.0, 65
czech, LT, 2, Cz03_LT_vz35, 180.0, 25.0, 16.0, 16.0, 320.0, 25.0, 16.0, 16.0, 4.0, -, -, AP, 52.0, 40, APCR, 74.0, 40, HE, 18.0, 45
czech, LT, 3, Cz10_LT_vz38, 220.0, 25.0, 15.0, 15.0, 330.0, 50.0, 30.0, 25.0, 4.0, -, -, AP, 82.0, 40, APCR, 115.0, 40, HE, 18.0, 45
czech, MT, 4, Cz11_V_8_H, 350.0, 32.0, 25.0, 20.0, 340.0, 60.0, 40.0, 30.0, 4.0, -, -, AP, 62.0, 60, APCR, 115.0, 60, HE, 24.0, 75
czech, MT, 4, Cz11_V_8_H, 350.0, 32.0, 25.0, 20.0, 340.0, 60.0, 40.0, 30.0, 4.0, -, -, AP, 86.0, 60, APCR, 132.0, 60, HE, 24.0, 75
czech, MT, 5, Cz09_T_24, 450.0, 50.0, 30.0, 30.0, 350.0, 50.0, 30.0, 30.0, 4.0, -, -, AP, 132.0, 110, APCR, 185.0, 110, HE, 38.0, 175
czech, MT, 6, Cz08_T_25, 730.0, 50.0, 35.0, 35.0, 360.0, 50.0, 35.0, 35.0, 4.0, -, -, AP, 132.0, 110, APCR, 185.0, 110, HE, 38.0, 175
czech, MT, 7, Cz05_T34_100, 1100.0, 45.0, 45.0, 45.0, 370.0, 90.0, 75.0, 52.0, 4.0, -, -, AP, 175.0, 250, HEAT, 250.0, 250, HE, 50.0, 330
czech, MT, 8, Cz07_TVP_46, 1450.0, 65.0, 40.0, 30.0, 380.0, 65.0, 40.0, 40.0, 4.0, -, -, AP, 188.0, 320, APCR, 235.0, 320, HE, 53.0, 420
czech, MT, 9, Cz02_TVP_T50, 1650.0, 65.0, 40.0, 40.0, 400.0, 120.0, 80.0, 60.0, 4.0, -, -, APCR, 248.0, 320, HEAT, 310.0, 320, HE, 50.0, 420
czech, MT, 10, Cz04_T50_51, 1800.0, 65.0, 40.0, 30.0, 410.0, 120.0, 80.0, 60.0, 4.0, -, -, APCR, 248.0, 320, HEAT, 310.0, 320, HE, 50.0, 420
czech, MT, 6, Cz01_Skoda_T40, 700.0, 65.0, 40.0, 30.0, 370.0, 65.0, 40.0, 40.0, 6.8, -, -, AP, 145.0, 220, HEAT, 200.0, 220, HE, 44.0, 270
france, MT, 3, D2, 230.0, 40.0, 40.0, 40.0, 320.0, 46.0, 46.0, 46.0, 2.2, -, -, AP, 45.0, 55, APCR, 79.0, 55, HE, 24.0, 70
france, MT, 3, D2, 230.0, 40.0, 40.0, 40.0, 320.0, 46.0, 46.0, 46.0, 2.1, -, -, AP, 66.0, 55, APCR, 98.0, 55, HE, 24.0, 70
france, LT, 1, RenaultFT, 115.0, 16.0, 16.0, 16.0, 280.0, 22.0, 22.0, 16.0, 5.7, 15, 450, AP, 23.0, 8, APCR, 36.0, 8, -, -, -
france, SPG, 2, RenaultBS, 80.0, 16.0, 16.0, 16.0, 260.0, -, -, -, 6.9, -, -, HE, 38.0, 165, HEAT, 100.0, 110, -, -, -
france, HT, 4, B1, 430.0, 60.0, 60.0, 55.0, 330.0, 46.0, 46.0, 46.0, 2.2, -, -, AP, 45.0, 55, APCR, 79.0, 55, HE, 24.0, 70
france, HT, 4, B1, 430.0, 60.0, 60.0, 55.0, 330.0, 46.0, 46.0, 46.0, 2.1, -, -, AP, 66.0, 55, APCR, 98.0, 55, HE, 24.0, 70
france, LT, 2, _Hotchkiss_H35, 160.0, 40.0, 40.0, 40.0, 300.0, 40.0, 40.0, 40.0, 1.8, -, -, AP, 46.0, 27, APCR, 68.0, 27, -, -, -
france, LT, 2, _Hotchkiss_H35, 160.0, 40.0, 40.0, 40.0, 300.0, 40.0, 40.0, 40.0, 2.5, -, -, AP, 34.0, 40, APCR, 67.0, 40, HE, 24.0, 45
france, LT, 2, D1, 170.0, 30.0, 30.0, 30.0, 300.0, 40.0, 40.0, 35.0, 1.8, -, -, AP, 46.0, 27, APCR, 68.0, 27, -, -, -
france, LT, 2, D1, 170.0, 30.0, 30.0, 30.0, 300.0, 40.0, 40.0, 35.0, 2.5, -, -, AP, 25.0, 50, APCR, 46.0, 50, HE, 24.0, 62
france, SPG, 5, _105_leFH18B2, 260.0, 60.0, 60.0, 55.0, 390.0, -, -, -, 11.4, -, -, HE, 53.0, 410, HEAT, 104.0, 350, AP, 64.0, 350
france, TD, 3, FCM_36Pak40, 180.0, 40.0, 20.0, 20.0, 400.0, -, -, -, 3.8, -, -, AP, 98.0, 110, APCR, 126.0, 110, HE, 38.0, 175
france, HT, 6, ARL_44, 820.0, 120.0, 60.0, 40.0, 350.0, 110.0, 30.0, 30.0, 7.4, -, -, AP, 212.0, 240, APCR, 259.0, 240, HE, 45.0, 320
france, LT, 4, AMX40, 300.0, 70.0, 65.0, 40.0, 340.0, 80.0, 60.0, 60.0, 4.2, -, -, AP, 74.0, 110, HEAT, 91.4, 110, HE, 38.0, 175
france, HT, 8, AMX_50_100, 1400.0, 90.0, 35.0, 30.0, 380.0, 90.0, 30.0, 30.0, 9.1, -, -, AP, 232.0, 300, APCR, 263.0, 300, HE, 50.0, 400
france, SPG, 3, Lorraine39_L_AM, 120.0, 20.0, 9.0, 16.0, 280.0, -, -, -, 10.8, -, -, HE, 53.0, 410, HEAT, 104.0, 350, -, -, -
france, MT, 10, Bat_Chatillon25t, 1800.0, 60.0, 40.0, 30.0, 400.0, 50.0, 30.0, 15.0, 10.2, -, -, APCR, 259.0, 390, HEAT, 330.0, 390, HE, 53.0, 480
france, HT, 9, AMX_50_120, 1750.0, 100.0, 80.0, 60.0, 390.0, 100.0, 80.0, 60.0, 10.2, -, -, AP, 257.0, 400, APCR, 325.0, 400, HE, 65.0, 515
france, SPG, 5, AMX_105AM, 220.0, 40.0, 20.0, 15.0, 300.0, -, -, -, 10.2, -, -, HE, 60.0, 445, APCR, 223.0, 330, -, -, -
france, MT, 5, Renault_G1R, 460.0, 60.0, 60.0, 60.0, 350.0, 60.0, 60.0, 60.0, 4.2, -, -, AP, 100.0, 110, APCR, 129.0, 110, HE, 38.0, 175
france, MT, 5, Renault_G1R, 460.0, 60.0, 60.0, 60.0, 350.0, 60.0, 60.0, 60.0, 10.8, -, -, HE, 53.0, 410, HEAT, 104.0, 350, -, -, -
france, SPG, 6, AMX_13F3AM, 270.0, 40.0, 20.0, 15.0, 310.0, -, -, -, 19.4, -, -, HE, 90.0, 950, HEAT, 185.0, 720, -, -, -
france, LT, 8, AMX_13_90, 1100.0, 50.0, 20.0, 15.0, 400.0, 40.0, 20.0, 20.0, 8.0, -, -, AP, 170.0, 240, APCR, 248.0, 240, HE, 45.0, 320
france, LT, 7, AMX_13_75, 900.0, 50.0, 20.0, 15.0, 390.0, 40.0, 20.0, 20.0, 4.5, -, -, AP, 144.0, 135, APCR, 202.0, 135, HE, 38.0, 175
france, LT, 3, AMX38, 220.0, 60.0, 40.0, 40.0, 310.0, 60.0, 40.0, 40.0, 2.2, -, -, AP, 45.0, 55, APCR, 79.0, 55, HE, 24.0, 70
france, HT, 10, AMX_50_68t, 2100.0, 170.0, 30.0, 30.0, 400.0, 100.0, 50.0, 30.0, 10.2, -, -, AP, 257.0, 400, APCR, 325.0, 400, HE, 65.0, 515
france, LT, 6, AMX_12t, 600.0, 50.0, 20.0, 15.0, 380.0, 30.0, 20.0, 20.0, 4.5, -, -, AP, 144.0, 135, APCR, 202.0, 135, HE, 38.0, 175
france, HT, 5, BDR_G1B, 650.0, 60.0, 40.0, 60.0, 320.0, 80.0, 70.0, 60.0, 7.4, -, -, AP, 135.0, 240, APCR, 175.0, 240, HE, 45.0, 320
france, HT, 7, AMX_M4_1945, 1350.0, 90.0, 40.0, 40.0, 360.0, 100.0, 70.0, 40.0, 7.4, -, -, AP, 212.0, 240, APCR, 259.0, 240, HE, 45.0, 320
france, SPG, 7, Lorraine155_50, 340.0, 40.0, 30.0, 20.0, 320.0, -, -, -, 19.4, -, -, HE, 90.0, 950, HE, 90.0, 950, HEAT, 185.0, 720
france, SPG, 8, Lorraine155_51, 390.0, 40.0, 30.0, 25.0, 330.0, -, -, -, 16.0, -, -, HE, 95.0, 1250, HE, 95.0, 1250, HEAT, 185.0, 720
france, TD, 2, RenaultFT_AC, 120.0, 16.0, 16.0, 16.0, 300.0, -, -, -, 2.1, -, -, AP, 66.0, 55, APCR, 98.0, 55, HE, 24.0, 70
france, TD, 3, RenaultUE57, 150.0, 9.0, 6.0, 6.0, 320.0, -, -, -, 2.2, -, -, AP, 110.0, 75, APCR, 180.0, 75, -, -, -
france, TD, 4, Somua_Sau_40, 280.0, 36.0, 35.0, 35.0, 330.0, -, -, -, 10.8, -, -, HE, 53.0, 410, HEAT, 104.0, 350, -, -, -
france, TD, 5, S_35CA, 330.0, 56.0, 35.0, 35.0, 340.0, -, -, -, 7.4, -, -, AP, 135.0, 240, APCR, 175.0, 240, HE, 45.0, 320
france, TD, 7, AMX_AC_Mle1946, 820.0, 120.0, 40.0, 40.0, 350.0, -, -, -, 9.1, -, -, AP, 232.0, 300, APCR, 263.0, 300, HE, 50.0, 400
france, TD, 9, AMX50_Foch, 1550.0, 180.0, 40.0, 40.0, 380.0, -, -, -, 9.1, -, -, AP, 257.0, 400, APCR, 325.0, 400, HE, 65.0, 515
france, TD, 6, ARL_V39, 610.0, 60.0, 40.0, 60.0, 350.0, -, -, -, 7.4, -, -, AP, 212.0, 240, APCR, 259.0, 240, HE, 45.0, 320
france, SPG, 10, Bat_Chatillon155, 490.0, 50.0, 30.0, 20.0, 340.0, -, -, -, 17.8, -, -, HE, 95.0, 1250, HE, 95.0, 1250, HEAT, 185.0, 720
france, TD, 8, AMX_AC_Mle1948, 1000.0, 150.0, 40.0, 40.0, 370.0, -, -, -, 9.1, -, -, AP, 257.0, 400, APCR, 325.0, 400, HE, 65.0, 515
france, MT, 3, Somua_S35, 250.0, 47.0, 40.0, 35.0, 330.0, 40.0, 40.0, 60.0, 2.2, -, -, AP, 45.0, 55, APCR, 79.0, 55, HE, 24.0, 70
france, MT, 3, Somua_S35, 250.0, 47.0, 40.0, 35.0, 330.0, 40.0, 40.0, 60.0, 2.1, -, -, AP, 66.0, 55, APCR, 98.0, 55, HE, 24.0, 70
france, TD, 10, AMX_50Fosh_155, 1850.0, 180.0, 40.0, 40.0, 380.0, -, -, -, 17.1, -, -, AP, 293.0, 750, HEAT, 395.0, 750, HE, 90.0, 1100
france, LT, 5, ELC_AMX, 400.0, 25.0, 10.0, 15.0, 360.0, 20.0, 15.0, 10.0, 10.5, -, -, AP, 170.0, 240, APCR, 248.0, 240, HE, 45.0, 320
france, SPG, 9, Bat_Chatillon155_55, 440.0, 101.6, 76.2, 50.8, 330.0, -, -, -, 17.8, -, -, HE, 95.0, 1250, HE, 95.0, 1250, HEAT, 185.0, 720
france, SPG, 4, AMX_Ob_Am105, 170.0, 30.0, 20.0, 15.0, 290.0, -, -, -, 10.2, -, -, HE, 60.0, 445, APCR, 223.0, 330, -, -, -
france, MT, 4, SARL42, 350.0, 40.0, 30.0, 30.0, 330.0, 40.0, 30.0, 30.0, 4.2, -, -, AP, 100.0, 110, APCR, 129.0, 110, HE, 38.0, 175
france, LT, 2, FCM36_20t, 140.0, 40.0, 20.0, 20.0, 280.0, 40.0, 40.0, 40.0, 1.8, -, -, AP, 46.0, 27, APCR, 68.0, 27, -, -, -
france, LT, 2, FCM36_20t, 140.0, 40.0, 20.0, 20.0, 280.0, 40.0, 40.0, 40.0, 2.5, -, -, AP, 34.0, 40, APCR, 67.0, 40, HE, 24.0, 45
france, MT, 10, F72_AMX_30, 1900.0, 80.0, 35.0, 30.0, 410.0, 80.0, 40.0, 30.0, 10.2, -, -, APCR, 260.0, 390, HEAT, 320.0, 390, HE, 53.0, 480
france, MT, 9, AMX_30_prototype, 1650.0, 80.0, 30.0, 30.0, 390.0, 80.0, 40.0, 30.0, 10.2, -, -, APCR, 260.0, 390, HEAT, 320.0, 390, HE, 53.0, 480
france, LT, 2, RenaultR35, 155.0, 40.0, 40.0, 32.0, 300.0, 40.0, 40.0, 40.0, 1.8, -, -, AP, 46.0, 27, APCR, 68.0, 27, -, -, -
france, LT, 2, RenaultR35, 155.0, 40.0, 40.0, 32.0, 300.0, 40.0, 40.0, 40.0, 2.5, -, -, AP, 34.0, 40, APCR, 67.0, 40, HE, 24.0, 45
france, MT, 9, F75_Char_de_25t, 1600.0, 30.0, 25.0, 20.0, 380.0, 25.0, 25.0, 20.0, 9.1, -, -, AP, 232.0, 300, APCR, 263.0, 300, HE, 50.0, 400
france, HT, 8, F74_AMX_M4_1949_Liberte, 1350.0, 180.0, 55.0, 40.0, 360.0, 250.0, 120.0, 60.0, 4.0, -, -, AP, 232.0, 300, APCR, 263.0, 300, HE, 50.0, 400
france, HT, 8, F74_AMX_M4_1949, 1350.0, 180.0, 55.0, 40.0, 360.0, 250.0, 120.0, 60.0, 4.0, -, -, AP, 232.0, 300, APCR, 263.0, 300, HE, 50.0, 400
france, MT, 8, F73_M4A1_Revalorise, 1400.0, 50.8, 38.1, 38.1, 390.0, 63.5, 63.5, 63.5, 9.7, -, -, APCR, 200.0, 390, HEAT, 250.0, 390, HE, 53.0, 480
france, LT, 7, F69_AMX13_57_100_GrandFinal, 890.0, 50.0, 20.0, 15.0, 390.0, 40.0, 20.0, 20.0, 2.2, -, -, AP, 143.0, 90, APCR, 195.0, 90, -, -, -
france, MT, 8, F68_AMX_Chasseur_de_char_46, 1400.0, 30.0, 20.0, 20.0, 390.0, 30.0, 20.0, 20.0, 7.4, -, -, AP, 212.0, 240, APCR, 259.0, 240, HE, 45.0, 320
france, HT, 8, FCM_50t, 1500.0, 120.0, 80.0, 80.0, 400.0, 120.0, 80.0, 60.0, 7.4, -, -, AP, 212.0, 240, APCR, 259.0, 240, HE, 45.0, 320
germany, SPG, 6, Hummel, 300.0, 30.0, 20.0, 20.0, 320.0, -, -, -, 19.4, -, -, HE, 85.0, 950, HEAT, 185.0, 750, -, -, -
germany, HT, 7, PzVI, 1500.0, 100.0, 80.0, 80.0, 380.0, 100.0, 80.0, 80.0, 7.7, -, -, AP, 203.0, 240, APCR, 237.0, 240, HE, 44.0, 295
germany, LT, 2, Pz35t, 180.0, 25.0, 16.0, 16.0, 320.0, 25.0, 16.0, 16.0, 2.2, -, -, AP, 42.0, 40, APCR, 74.0, 40, HE, 18.0, 45
germany, LT, 2, Pz35t, 180.0, 25.0, 16.0, 16.0, 320.0, 25.0, 16.0, 16.0, 4.3, 10, 450, AP, 39.0, 11, APCR, 51.0, 11, -, -, -
germany, TD, 5, StuG_40_AusfG, 350.0, 80.0, 30.0, 50.0, 310.0, -, -, -, 3.8, -, -, AP, 150.0, 135, APCR, 194.0, 135, HE, 38.0, 175
germany, MT, 7, PzV, 1300.0, 85.0, 50.0, 40.0, 380.0, 120.0, 60.0, 60.0, 4.4, -, -, AP, 198.0, 135, APCR, 244.0, 135, HE, 38.0, 175
germany, TD, 6, JagdPzIV, 600.0, 80.0, 40.0, 22.0, 350.0, -, -, -, 5.8, -, -, AP, 145.0, 220, APCR, 171.0, 220, HE, 44.0, 270
germany, TD, 4, Hetzer, 270.0, 60.0, 20.0, 8.0, 260.0, -, -, -, 3.8, -, -, AP, 110.0, 110, APCR, 158.0, 110, HE, 38.0, 175
germany, TD, 4, Hetzer, 270.0, 60.0, 20.0, 8.0, 260.0, -, -, -, 7.2, -, -, AP, 64.0, 350, HEAT, 104.0, 350, HE, 53.0, 410
germany, LT, 2, PzII, 170.0, 30.0, 20.0, 15.0, 320.0, 30.0, 20.0, 20.0, 4.3, 10, 450, AP, 39.0, 11, APCR, 51.0, 11, -, -, -
germany, HT, 6, VK3601H, 950.0, 100.0, 60.0, 60.0, 370.0, 100.0, 80.0, 80.0, 5.1, -, -, AP, 157.0, 135, APCR, 221.0, 135, -, -, -
germany, HT, 6, VK3601H, 950.0, 100.0, 60.0, 60.0, 370.0, 100.0, 80.0, 80.0, 6.8, -, -, AP, 145.0, 220, APCR, 171.0, 220, HE, 44.0, 270
germany, HT, 5, VK3001H, 660.0, 50.0, 50.0, 50.0, 360.0, 80.0, 60.0, 60.0, 5.1, -, -, AP, 157.0, 135, APCR, 221.0, 135, -, -, -
germany, SPG, 3, Bison_I, 130.0, 13.0, 13.0, 13.0, 290.0, -, -, -, 9.1, -, -, HE, 75.0, 350, HE, 75.0, 450, HEAT, 185.0, 300
germany, LT, 1, Ltraktor, 130.0, 14.0, 14.0, 14.0, 310.0, 14.0, 14.0, 14.0, 5.1, 12, 240, AP, 30.0, 11, APCR, 47.0, 11, -, -, -
germany, LT, 3, Pz38t, 250.0, 25.0, 15.0, 15.0, 330.0, 50.0, 30.0, 25.0, 4.3, 10, 450, AP, 39.0, 11, APCR, 51.0, 11, -, -, -
germany, LT, 3, Pz38t, 250.0, 25.0, 15.0, 15.0, 330.0, 50.0, 30.0, 25.0, 2.2, -, -, AP, 62.0, 60, APCR, 115.0, 60, HE, 24.0, 75
germany, TD, 2, PanzerJager_I, 120.0, 13.0, 13.0, 13.0, 300.0, -, -, -, 2.2, -, -, AP, 62.0, 60, APCR, 115.0, 60, HE, 24.0, 75
germany, TD, 7, JagdPanther, 850.0, 80.0, 50.0, 40.0, 350.0, -, -, -, 7.4, -, -, AP, 200.0, 320, APCR, 244.0, 320, HE, 60.0, 420
germany, MT, 7, VK3002DB, 1250.0, 80.0, 45.0, 50.0, 380.0, 120.0, 60.0, 60.0, 6.8, -, -, AP, 145.0, 220, APCR, 171.0, 220, HE, 44.0, 270
germany, MT, 4, PzIII_AusfJ, 350.0, 50.0, 30.0, 50.0, 330.0, 30.0, 30.0, 30.0, 2.5, -, -, AP, 67.0, 70, APCR, 130.0, 70, HE, 25.0, 90
germany, MT, 4, PzIII_AusfJ, 350.0, 50.0, 30.0, 50.0, 330.0, 30.0, 30.0, 30.0, 4.2, -, -, AP, 43.0, 110, HEAT, 87.0, 110, HE, 38.0, 175
germany, SPG, 4, Sturmpanzer_II, 190.0, 30.0, 14.5, 14.5, 300.0, -, -, -, 9.1, -, -, HE, 75.0, 350, HE, 75.0, 450, HEAT, 185.0, 300
germany, LT, 3, PzIII_A, 240.0, 30.0, 30.0, 20.0, 320.0, 30.0, 30.0, 30.0, 2.5, -, -, AP, 60.0, 70, APCR, 96.0, 70, HE, 25.0, 90
germany, HT, 8, PzVIB_Tiger_II, 1600.0, 150.0, 80.0, 80.0, 390.0, 185.0, 80.0, 80.0, 10.8, -, -, AP, 225.0, 320, APCR, 285.0, 320, HE, 60.0, 420
germany, LT, 5, VK1602, 440.0, 50.0, 30.0, 30.0, 380.0, 50.0, 30.0, 30.0, 1.6, 9, 300, AP, 95.0, 30, APCR, 110.0, 30, HE, 15.0, 40
germany, SPG, 5, Grille, 240.0, 15.0, 15.0, 10.0, 310.0, -, -, -, 17.1, -, -, HE, 75.0, 680, HEAT, 185.0, 680, -, -, -
germany, SPG, 3, Wespe, 130.0, 30.0, 14.5, 14.5, 290.0, -, -, -, 13.4, -, -, HE, 53.0, 410, HEAT, 104.0, 350, AP, 64.0, 350
germany, LT, 4, PzII_Luchs, 340.0, 30.0, 20.0, 20.0, 360.0, 50.0, 30.0, 30.0, 1.6, 9, 300, AP, 95.0, 30, APCR, 110.0, 30, HE, 15.0, 40
germany, MT, 5, PzIII_IV, 440.0, 80.0, 30.0, 20.0, 320.0, 50.0, 30.0, 30.0, 4.2, -, -, AP, 110.0, 110, APCR, 158.0, 110, HE, 38.0, 175
germany, TD, 3, G20_Marder_II, 165.0, 30.0, 14.5, 14.5, 310.0, -, -, -, 3.8, -, -, AP, 108.0, 110, APCR, 154.0, 110, HE, 38.0, 175
germany, HT, 10, Maus, 3000.0, 200.0, 185.0, 160.0, 400.0, 240.0, 210.0, 210.0, 14.7, -, -, AP, 246.0, 490, APCR, 311.0, 490, HE, 65.0, 630
germany, MT, 6, VK3001P, 710.0, 75.0, 62.0, 40.0, 370.0, 100.0, 80.0, 80.0, 6.8, -, -, AP, 145.0, 220, APCR, 171.0, 220, HE, 44.0, 270
germany, HT, 9, VK4502P, 1950.0, 200.0, 100.0, 100.0, 400.0, 252.0, 160.0, 160.0, 14.7, -, -, AP, 246.0, 490, APCR, 311.0, 490, HE, 65.0, 630
germany, TD, 8, Ferdinand, 1500.0, 200.0, 80.0, 80.0, 370.0, -, -, -, 11.8, -, -, AP, 246.0, 490, APCR, 311.0, 490, HE, 65.0, 630
germany, TD, 9, JagdTiger, 2100.0, 250.0, 80.0, 80.0, 390.0, -, -, -, 12.0, -, -, AP, 276.0, 560, APCR, 352.0, 560, HE, 65.0, 700
germany, LT, 4, Pz38_NA, 340.0, 30.0, 25.0, 20.0, 370.0, 30.0, 20.0, 20.0, 2.5, -, -, AP, 67.0, 70, APCR, 130.0, 70, HE, 25.0, 90
germany, MT, 8, Panther_II, 1500.0, 100.0, 60.0, 40.0, 390.0, 120.0, 60.0, 60.0, 4.4, -, -, AP, 198.0, 135, APCR, 244.0, 135, HE, 38.0, 175
germany, MT, 8, Panther_II, 1500.0, 100.0, 60.0, 40.0, 390.0, 120.0, 60.0, 60.0, 7.7, -, -, AP, 203.0, 240, APCR, 237.0, 240, HE, 44.0, 295
germany, SPG, 9, G_Tiger, 500.0, 30.0, 16.0, 16.0, 350.0, -, -, -, 40.2, -, -, HE, 105.0, 2000, AP, 303.0, 1550, HE, 105.0, 2000
germany, SPG, 7, G_Panther, 360.0, 50.0, 30.0, 20.0, 330.0, -, -, -, 18.2, -, -, HE, 88.0, 1200, HEAT, 240.0, 900, HE, 88.0, 1200
germany, SPG, 10, G_E, 550.0, 80.0, 50.0, 40.0, 360.0, -, -, -, 37.2, -, -, HE, 105.0, 2000, AP, 303.0, 1550, HE, 105.0, 2000
germany, HT, 10, E-100, 2700.0, 200.0, 120.0, 150.0, 400.0, 250.0, 150.0, 150.0, 14.7, -, -, AP, 246.0, 490, APCR, 311.0, 490, HE, 65.0, 630
germany, HT, 10, E-100, 2700.0, 200.0, 120.0, 150.0, 400.0, 250.0, 150.0, 150.0, 18.8, -, -, AP, 235.0, 750, HEAT, 334.0, 750, HE, 85.0, 950
germany, HT, 9, E-75, 1920.0, 160.0, 120.0, 120.0, 400.0, 252.0, 160.0, 160.0, 14.7, -, -, AP, 246.0, 490, APCR, 311.0, 490, HE, 65.0, 630
germany, LT, 6, VK2801, 610.0, 50.0, 30.0, 30.0, 390.0, 50.0, 30.0, 30.0, 4.2, -, -, AP, 110.0, 110, APCR, 158.0, 110, HE, 38.0, 175
germany, LT, 6, VK2801, 610.0, 50.0, 30.0, 30.0, 390.0, 50.0, 30.0, 30.0, 8.0, -, -, AP, 64.0, 350, HEAT, 104.0, 350, HE, 53.0, 410
germany, MT, 9, E-50, 1750.0, 150.0, 80.0, 80.0, 400.0, 185.0, 80.0, 80.0, 6.8, -, -, AP, 223.0, 240, APCR, 261.0, 240, HE, 44.0, 295
germany, MT, 9, E-50, 1750.0, 150.0, 80.0, 80.0, 400.0, 185.0, 80.0, 80.0, 9.7, -, -, AP, 220.0, 390, APCR, 270.0, 390, HE, 60.0, 510
germany, HT, 8, VK4502A, 1570.0, 120.0, 80.0, 80.0, 390.0, 185.0, 80.0, 80.0, 10.2, -, -, AP, 200.0, 320, APCR, 244.0, 320, HE, 60.0, 420
germany, HT, 7, PzVI_Tiger_P, 1450.0, 200.0, 80.0, 80.0, 380.0, 100.0, 80.0, 80.0, 7.7, -, -, AP, 203.0, 240, APCR, 237.0, 240, HE, 44.0, 295
germany, TD, 7, Sturer_Emil, 850.0, 50.0, 30.0, 30.0, 370.0, -, -, -, 14.2, -, -, AP, 231.0, 490, HE, 65.0, 630, -, -, -
germany, TD, 4, Marder_III, 270.0, 50.0, 15.0, 15.0, 320.0, -, -, -, 3.8, -, -, AP, 108.0, 110, APCR, 154.0, 110, HE, 38.0, 175
germany, TD, 8, JagdPantherII, 1150.0, 100.0, 60.0, 40.0, 360.0, -, -, -, 11.8, -, -, AP, 246.0, 490, APCR, 311.0, 490, HE, 65.0, 630
germany, TD, 6, Nashorn, 600.0, 30.0, 20.0, 20.0, 360.0, -, -, -, 6.0, -, -, AP, 203.0, 240, APCR, 237.0, 240, HE, 44.0, 295
germany, TD, 10, JagdPz_E100, 2200.0, 200.0, 120.0, 150.0, 390.0, -, -, -, 18.8, -, -, AP, 299.0, 1050, HEAT, 420.0, 1050, HE, 85.0, 1400
germany, MT, 10, E50_Ausf_M, 2050.0, 150.0, 80.0, 80.0, 400.0, 185.0, 80.0, 80.0, 9.7, -, -, APCR, 270.0, 390, HEAT, 330.0, 390, HE, 60.0, 510
germany, LT, 3, PzI_ausf_C, 210.0, 30.0, 20.0, 14.5, 320.0, 14.0, 13.0, 13.0, 4.3, 10, 450, AP, 39.0, 11, APCR, 51.0, 11, -, -, -
germany, LT, 3, PzI_ausf_C, 230.0, 30.0, 20.0, 14.5, 340.0, 30.0, 14.5, 14.5, 4.3, 10, 450, AP, 39.0, 11, APCR, 51.0, 11, -, -, -
germany, LT, 3, PzI_ausf_C, 230.0, 30.0, 20.0, 14.5, 340.0, 30.0, 14.5, 14.5, 1.4, 40, 450, AP, 33.0, 8, APCR, 43.0, 8, -, -, -
germany, LT, 2, PzI, 160.0, 13.0, 13.0, 13.0, 320.0, 14.0, 13.0, 13.0, 1.4, 10, 450, AP, 23.0, 11, APCR, 46.0, 11, -, -, -
germany, LT, 2, PzI, 160.0, 13.0, 13.0, 13.0, 320.0, 14.0, 13.0, 13.0, 5.1, 12, 240, AP, 30.0, 11, APCR, 47.0, 11, -, -, -
germany, LT, 3, Pz_II_AusfG, 240.0, 30.0, 20.0, 14.5, 330.0, 30.0, 14.5, 14.5, 1.6, 9, 300, AP, 95.0, 30, APCR, 110.0, 30, HE, 15.0, 40
germany, HT, 4, DW_II, 440.0, 50.0, 50.0, 50.0, 330.0, 50.0, 50.0, 50.0, 2.5, -, -, AP, 67.0, 70, APCR, 130.0, 70, HE, 25.0, 90
germany, MT, 4, VK2001DB, 350.0, 50.0, 40.0, 30.0, 330.0, 57.0, 30.0, 30.0, 2.5, -, -, AP, 67.0, 70, APCR, 130.0, 70, HE, 25.0, 90
germany, MT, 4, VK2001DB, 350.0, 50.0, 40.0, 30.0, 330.0, 57.0, 30.0, 30.0, 4.2, -, -, AP, 43.0, 110, HEAT, 87.0, 110, HE, 38.0, 175
germany, MT, 8, Indien_Panzer, 1300.0, 90.0, 90.0, 45.0, 380.0, 90.0, 90.0, 45.0, 7.5, -, -, AP, 212.0, 240, APCR, 259.0, 240, HE, 45.0, 320
germany, MT, 6, VK3002DB_V1, 770.0, 60.0, 40.0, 50.0, 370.0, 80.0, 45.0, 45.0, 4.5, -, -, AP, 150.0, 135, APCR, 194.0, 135, HE, 38.0, 175
germany, MT, 10, Leopard1, 1950.0, 70.0, 35.0, 25.0, 410.0, 52.0, 60.0, 60.0, 7.5, -, -, APCR, 268.0, 390, HEAT, 330.0, 390, HE, 53.0, 480
germany, MT, 9, Pro_Ag_A, 1700.0, 70.0, 35.0, 25.0, 400.0, 52.0, 60.0, 60.0, 7.5, -, -, APCR, 268.0, 390, HEAT, 330.0, 390, HE, 53.0, 480
germany, SPG, 2, GW_Mk_VIe, 90.0, 22.0, 14.0, 14.0, 280.0, -, -, -, 15.7, -, -, HE, 53.0, 410, HEAT, 104.0, 350, -, -, -
germany, SPG, 8, GW_Tiger_P, 440.0, 100.0, 80.0, 16.0, 340.0, -, -, -, 40.2, -, -, HE, 105.0, 2000, AP, 303.0, 1550, HE, 105.0, 2000
germany, SPG, 4, Pz_Sfl_IVb, 200.0, 20.0, 14.5, 14.5, 300.0, -, -, -, 13.4, -, -, HE, 53.0, 410, HEAT, 104.0, 350, AP, 64.0, 350
germany, MT, 6, VK3002M, 840.0, 60.0, 40.0, 40.0, 370.0, 100.0, 45.0, 45.0, 4.5, -, -, AP, 150.0, 135, APCR, 194.0, 135, HE, 38.0, 175
germany, TD, 5, Pz_Sfl_IVc, 350.0, 20.0, 14.5, 14.5, 340.0, -, -, -, 6.0, -, -, AP, 194.0, 240, APCR, 237.0, 240, HE, 44.0, 295
germany, TD, 9, Waffentrager_IV, 1600.0, 80.0, 30.0, 20.0, 370.0, -, -, -, 12.0, -, -, AP, 276.0, 560, APCR, 352.0, 560, HE, 65.0, 700
germany, TD, 9, Waffentrager_IV, 1600.0, 80.0, 30.0, 20.0, 370.0, -, -, -, 18.8, -, -, AP, 235.0, 750, HEAT, 334.0, 750, HE, 85.0, 950
germany, TD, 8, RhB_Waffentrager, 1100.0, 20.0, 10.0, 8.0, 360.0, -, -, -, 18.8, -, -, AP, 215.0, 750, HEAT, 334.0, 750, HE, 85.0, 950
germany, MT, 3, Pz_IV_AusfA, 270.0, 14.5, 14.5, 14.5, 330.0, 30.0, 14.5, 14.5, 4.2, -, -, AP, 43.0, 110, HEAT, 87.0, 110, HE, 38.0, 175
germany, MT, 4, Pz_IV_AusfD, 350.0, 30.0, 20.0, 20.0, 340.0, 30.0, 20.0, 20.0, 2.5, -, -, AP, 67.0, 70, APCR, 130.0, 70, HE, 25.0, 90
germany, MT, 4, Pz_IV_AusfD, 350.0, 30.0, 20.0, 20.0, 340.0, 30.0, 20.0, 20.0, 4.2, -, -, AP, 43.0, 110, HEAT, 87.0, 110, HE, 38.0, 175
germany, MT, 4, Pz_IV_AusfD, 350.0, 30.0, 20.0, 20.0, 340.0, 30.0, 20.0, 20.0, 4.2, -, -, AP, 103.0, 110, APCR, 139.0, 110, HE, 38.0, 175
germany, TD, 4, G101_StuG_III, 260.0, 50.0, 30.0, 30.0, 310.0, -, -, -, 3.8, -, -, AP, 110.0, 110, APCR, 158.0, 110, HE, 38.0, 175
germany, TD, 4, G101_StuG_III, 260.0, 50.0, 30.0, 30.0, 310.0, -, -, -, 7.2, -, -, AP, 64.0, 350, HEAT, 104.0, 350, HE, 53.0, 410
germany, MT, 5, Pz_IV_AusfH, 480.0, 80.0, 30.0, 20.0, 350.0, 50.0, 30.0, 30.0, 4.2, -, -, AP, 110.0, 110, APCR, 158.0, 110, HE, 38.0, 175
germany, MT, 5, Pz_IV_AusfH, 480.0, 80.0, 30.0, 20.0, 350.0, 50.0, 30.0, 30.0, 8.0, -, -, AP, 64.0, 350, HEAT, 104.0, 350, HE, 53.0, 410
germany, LT, 8, G103_RU_251, 1200.0, 25.0, 20.0, 8.0, 400.0, 20.0, 20.0, 20.0, 7.0, -, -, AP, 190.0, 240, HEAT, 250.0, 240, HE, 102.0, 320
germany, LT, 7, G113_SP_I_C, 880.0, 10.0, 10.0, 10.0, 400.0, 15.0, 10.0, 10.0, 7.0, -, -, AP, 170.0, 240, HEAT, 250.0, 240, HE, 45.0, 320
germany, LT, 7, G113_SP_I_C, 880.0, 10.0, 10.0, 10.0, 400.0, 15.0, 10.0, 10.0, 7.0, -, -, AP, 180.0, 240, HEAT, 250.0, 240, HE, 45.0, 320
germany, TD, 10, G121_Grille_15_L63, 1800.0, 30.0, 16.0, 20.0, 390.0, -, -, -, 4.0, -, -, AP, 279.0, 750, HEAT, 334.0, 750, HE, 75.0, 950
germany, TD, 8, G114_Rheinmetall_Skorpian, 1150.0, 30.0, 16.0, 20.0, 360.0, -, -, -, 11.8, -, -, AP, 246.0, 490, APCR, 311.0, 490, HE, 65.0, 630
germany, LT, 8, G120_M41_90_GrandFinal, 1100.0, 25.4, 25.4, 19.1, 400.0, 25.4, 25.4, 25.4, 4.0, -, -, AP, 182.0, 240, HEAT, 250.0, 240, HE, 102.0, 320
germany, MT, 5, PzV_PzIV, 520.0, 85.0, 40.0, 40.0, 365.0, 50.0, 30.0, 30.0, 4.2, -, -, AP, 110.0, 110, APCR, 158.0, 110, HE, 38.0, 175
germany, LT, 3, PzII_J, 260.0, 80.0, 50.0, 50.0, 320.0, 80.0, 50.0, 50.0, 1.4, -, -, AP, 23.0, 11, APCR, 46.0, 11, -, -, -
germany, MT, 3, S35_captured, 260.0, 36.0, 35.0, 25.0, 330.0, 56.0, 46.0, 46.0, 2.1, -, -, AP, 55.0, 52, APCR, 90.0, 52, HE, 24.0, 62
germany, HT, 4, B-1bis_captured, 400.0, 60.0, 60.0, 55.0, 330.0, 46.0, 46.0, 46.0, 2.1, -, -, AP, 55.0, 52, APCR, 90.0, 52, HE, 24.0, 62
germany, LT, 2, H39_captured, 160.0, 40.0, 40.0, 40.0, 330.0, 40.0, 40.0, 40.0, 2.2, -, -, AP, 41.0, 40, APCR, 64.0, 40, HE, 18.0, 45
germany, MT, 5, PzV_PzIV_ausf_Alfa, 520.0, 85.0, 40.0, 40.0, 365.0, 50.0, 30.0, 30.0, 4.2, -, -, AP, 110.0, 110, APCR, 158.0, 110, HE, 38.0, 175
germany, HT, 8, Lowe, 1650.0, 120.0, 100.0, 80.0, 400.0, 120.0, 80.0, 80.0, 12.0, -, -, AP, 234.0, 320, APCR, 294.0, 320, HE, 60.0, 420
germany, MT, 5, T-25, 610.0, 50.0, 45.0, 35.0, 320.0, 60.0, 60.0, 35.0, 4.2, -, -, AP, 116.0, 110, APCR, 167.0, 110, HE, 38.0, 175
germany, LT, 3, T-15, 260.0, 30.0, 20.0, 12.0, 350.0, 30.0, 25.0, 25.0, 2.2, -, -, AP, 42.0, 40, APCR, 74.0, 40, HE, 18.0, 45
germany, MT, 5, PzIV_Hydro, 550.0, 50.0, 30.0, 20.0, 330.0, 50.0, 30.0, 30.0, 4.2, -, -, AP, 110.0, 110, APCR, 158.0, 110, HE, 38.0, 175
germany, TD, 8, JagdTiger_SdKfz_185, 1300.0, 250.0, 80.0, 80.0, 390.0, -, -, -, 6.8, -, -, AP, 203.0, 240, APCR, 237.0, 240, HE, 44.0, 295
germany, TD, 7, E-25, 830.0, 50.0, 30.0, 30.0, 360.0, -, -, -, 4.6, -, -, AP, 150.0, 135, APCR, 194.0, 135, HE, 38.0, 175
germany, TD, 6, DickerMax, 550.0, 50.0, 20.0, 20.0, 400.0, -, -, -, 7.4, -, -, AP, 169.0, 300, APCR, 227.0, 300, HE, 53.0, 380
germany, MT, 6, PzIV_schmalturm, 730.0, 80.0, 30.0, 20.0, 370.0, 120.0, 60.0, 60.0, 4.6, -, -, AP, 150.0, 135, APCR, 194.0, 135, HE, 38.0, 175
germany, MT, 7, Panther_M10, 1300.0, 85.0, 50.0, 40.0, 350.0, 100.0, 45.0, 45.0, 4.5, -, -, AP, 150.0, 135, APCR, 194.0, 135, HE, 38.0, 175
germany, HT, 10, VK7201, 2500.0, 200.0, 160.0, 120.0, 400.0, 200.0, 160.0, 120.0, 18.8, -, -, AP, 235.0, 750, HEAT, 334.0, 750, HE, 85.0, 950
germany, MT, 3, G100_Gtraktor_Krupp, 320.0, 14.0, 8.0, 8.0, 330.0, 14.0, 8.0, 8.0, 4.2, -, -, AP, 43.0, 110, HEAT, 87.0, 110, HE, 38.0, 175
germany, MT, 8, G106_PzKpfwPanther_AusfF, 1500.0, 80.0, 50.0, 40.0, 390.0, 120.0, 60.0, 60.0, 6.9, -, -, AP, 203.0, 240, APCR, 237.0, 240, HE, 44.0, 295
germany, TD, 5, G104_Stug_IV, 360.0, 80.0, 30.0, 20.0, 310.0, -, -, -, 3.8, -, -, AP, 110.0, 110, APCR, 158.0, 110, HE, 38.0, 175
germany, LT, 2, G108_PzKpfwII_AusfD, 210.0, 30.0, 14.5, 14.5, 320.0, 14.5, 14.5, 14.5, 1.6, 10, 280, AP, 23.0, 11, APCR, 46.0, 11, -, -, -
germany, MT, 9, G105_T-55_NVA_DDR, 1700.0, 100.0, 80.0, 45.0, 395.0, 200.0, 160.0, 65.0, 8.0, -, -, AP, 201.0, 320, HEAT, 330.0, 320, HE, 50.0, 420
germany, MT, 5, G107_PzKpfwIII_AusfK, 600.0, 50.0, 30.0, 50.0, 350.0, 50.0, 30.0, 30.0, 4.2, -, -, AP, 103.0, 110, APCR, 139.0, 110, HE, 38.0, 175
germany, TD, 7, G109_Steyr_WT, 800.0, 20.0, 10.0, 8.0, 360.0, -, -, -, 6.8, -, -, AP, 203.0, 240, APCR, 237.0, 240, HE, 44.0, 295
germany, TD, 8, G112_KanonenJagdPanzer, 1200.0, 30.0, 30.0, 8.0, 360.0, -, -, -, 7.0, -, -, AP, 238.0, 240, HEAT, 250.0, 240, HE, 102.0, 320
germany, TD, 8, G114_Skorpian, 1150.0, 30.0, 16.0, 20.0, 360.0, -, -, -, 11.8, -, -, AP, 246.0, 490, APCR, 311.0, 490, HE, 65.0, 630
germany, MT, 5, G116_Turan_III_prot, 570.0, 50.0, 25.0, 25.0, 330.0, 75.0, 35.0, 55.0, 4.0, -, -, AP, 113.0, 110, APCR, 160.0, 110, HE, 38.0, 175
germany, LT, 3, G117_Toldi_III, 230.0, 35.0, 13.0, 10.0, 270.0, 35.0, 25.0, 25.0, 4.0, -, -, AP, 64.0, 45, AP, 80.0, 45, HE, 20.0, 60
germany, MT, 8, G119_Panzer58, 1300.0, 90.0, 30.0, 40.0, 380.0, 120.0, 65.0, 40.0, 7.5, -, -, AP, 212.0, 240, APCR, 259.0, 240, HE, 45.0, 320
germany, MT, 8, G119_Pz58_Mutz, 1300.0, 90.0, 30.0, 40.0, 380.0, 120.0, 65.0, 40.0, 7.5, -, -, AP, 212.0, 240, APCR, 259.0, 240, HE, 45.0, 320
japan, MT, 2, Chi_Ni, 190.0, 25.0, 12.0, 10.0, 300.0, 30.0, 20.0, 20.0, 2.2, -, -, AP, 29.6, 75, HEAT, 55.0, 75, HE, 28.0, 95
japan, LT, 1, NC27, 110.0, 30.0, 30.0, 22.0, 280.0, 20.0, 20.0, 20.0, 2.5, -, -, AP, 32.8, 45, AP, 48.6, 45, HE, 18.0, 55
japan, LT, 2, Ha_Go, 175.0, 12.0, 12.0, 10.0, 300.0, 35.0, 25.0, 25.0, 2.2, -, -, AP, 29.6, 75, HEAT, 55.0, 75, HE, 28.0, 95
japan, MT, 7, Chi_Ri, 1250.0, 75.0, 35.0, 35.0, 370.0, 75.0, 50.0, 50.0, 5.0, -, -, AP, 155.0, 130, AP, 186.0, 130, HE, 38.0, 175
japan, MT, 7, Chi_Ri, 1250.0, 75.0, 35.0, 35.0, 370.0, 75.0, 50.0, 50.0, 5.0, -, -, AP, 155.0, 130, AP, 186.0, 130, HE, 38.0, 175
japan, MT, 5, Chi_Nu, 480.0, 50.0, 25.0, 20.0, 350.0, 50.0, 35.0, 25.0, 5.0, -, -, AP, 124.0, 125, AP, 155.0, 125, HE, 38.0, 175
japan, MT, 4, Chi_He, 350.0, 50.0, 25.0, 20.0, 340.0, 50.0, 35.0, 25.0, 2.1, -, -, AP, 81.0, 70, AP, 122.0, 70, HE, 25.0, 90
japan, MT, 4, Chi_He, 350.0, 50.0, 25.0, 20.0, 340.0, 50.0, 35.0, 25.0, 4.2, -, -, AP, 70.4, 110, HEAT, 100.0, 110, HE, 38.0, 175
japan, MT, 4, Chi_He, 350.0, 50.0, 25.0, 20.0, 340.0, 50.0, 35.0, 25.0, 2.2, -, -, AP, 87.0, 75, AP, 131.0, 75, HE, 29.0, 100
japan, MT, 6, Chi_To, 820.0, 75.0, 35.0, 35.0, 360.0, 75.0, 50.0, 50.0, 5.0, -, -, AP, 155.0, 130, AP, 186.0, 130, HE, 38.0, 175
japan, MT, 3, Chi_Ha, 240.0, 25.0, 25.0, 20.0, 330.0, 35.0, 25.0, 25.0, 2.1, -, -, AP, 81.0, 70, AP, 122.0, 70, HE, 25.0, 90
japan, LT, 3, Ke_Ni, 240.0, 16.0, 12.0, 10.0, 310.0, 30.0, 16.0, 16.0, 2.3, -, -, AP, 48.1, 45, AP, 68.7, 45, HE, 18.0, 60
japan, LT, 3, Ke_Ni, 240.0, 16.0, 12.0, 10.0, 310.0, 30.0, 16.0, 16.0, 2.3, -, -, AP, 58.0, 50, AP, 73.0, 50, HE, 19.0, 65
japan, MT, 8, STA_1, 1450.0, 45.0, 35.0, 25.0, 390.0, 70.0, 60.0, 35.0, 7.5, -, -, AP, 218.7, 240, HEAT, 275.0, 240, HE, 45.0, 320
japan, LT, 4, Ke_Ho, 340.0, 20.0, 16.0, 12.0, 340.0, 30.0, 20.0, 16.0, 2.2, -, -, AP, 87.0, 75, AP, 131.0, 75, HE, 29.0, 100
japan, LT, 2, Te_Ke, 160.0, 12.0, 10.0, 8.0, 300.0, 12.0, 10.0, 10.0, 2.3, -, -, AP, 40.4, 45, AP, 59.4, 45, HE, 18.0, 60
japan, MT, 9, Type_61, 1700.0, 55.0, 35.0, 25.0, 400.0, 70.0, 60.0, 35.0, 7.5, -, -, APCR, 258.0, 390, HEAT, 330.0, 390, HE, 53.0, 480
japan, MT, 10, ST_B1, 1950.0, 110.0, 35.0, 25.0, 410.0, 132.0, 132.0, 37.0, 7.5, -, -, APCR, 258.0, 390, HEAT, 330.0, 390, HE, 53.0, 480
japan, HT, 10, J20_Type_2605, 2900.0, 260.0, 140.0, 150.0, 400.0, 260.0, 210.0, 200.0, 13.5, -, -, AP, 249.0, 600, AP, 282.0, 600, HE, 70.0, 770
japan, HT, 9, J25_Type_4, 2050.0, 250.0, 140.0, 150.0, 390.0, 250.0, 200.0, 200.0, 13.5, -, -, AP, 249.0, 600, AP, 282.0, 600, HE, 70.0, 770
japan, HT, 4, J22_Type_95, 440.0, 35.0, 30.0, 25.0, 340.0, 30.0, 25.0, 25.0, 4.2, -, -, AP, 70.4, 110, HEAT, 100.0, 110, HE, 38.0, 175
japan, HT, 3, J21_Type_91, 250.0, 20.0, 15.0, 15.0, 330.0, 20.0, 20.0, 20.0, 2.1, -, -, AP, 81.0, 70, AP, 122.0, 70, HE, 25.0, 90
japan, HT, 8, J27_O_I_120, 1700.0, 200.0, 105.0, 150.0, 380.0, 200.0, 200.0, 200.0, 10.8, -, -, AP, 215.0, 330, HE, 53.0, 430, -, -, -
japan, HT, 7, J28_O_I_100, 1550.0, 175.0, 70.0, 150.0, 380.0, 200.0, 150.0, 150.0, 10.8, -, -, AP, 190.0, 330, AP, 215.0, 330, HE, 53.0, 430
japan, HT, 6, J24_Mi_To_130_tons, 950.0, 150.0, 70.0, 150.0, 370.0, 150.0, 150.0, 150.0, 18.8, -, -, AP, 121.0, 700, HEAT, 150.0, 700, HE, 75.0, 910
japan, HT, 5, J23_Mi_To, 700.0, 75.0, 70.0, 70.0, 360.0, 75.0, 75.0, 75.0, 9.7, -, -, AP, 130.0, 300, AP, 150.0, 300, HE, 53.0, 360
japan, MT, 2, J26_Type_89, 200.0, 17.0, 15.0, 15.0, 320.0, 15.0, 15.0, 15.0, 2.2, -, -, AP, 29.6, 75, HEAT, 55.0, 75, HE, 28.0, 95
japan, MT, 5, Chi_Nu_Kai, 480.0, 50.0, 25.0, 20.0, 350.0, 75.0, 50.0, 50.0, 5.0, -, -, AP, 124.0, 125, AP, 155.0, 125, HE, 38.0, 175
japan, MT, 8, STA_2_3, 1420.0, 45.0, 35.0, 25.0, 380.0, 70.0, 60.0, 35.0, 7.5, -, -, AP, 212.0, 240, HEAT, 275.0, 240, HE, 45.0, 320
japan, HT, 6, J19_Tiger_I_Jpn, 950.0, 100.0, 80.0, 80.0, 370.0, 100.0, 80.0, 80.0, 6.8, -, -, AP, 145.0, 220, APCR, 171.0, 220, HE, 44.0, 270
sweden, MT, 6, S01_Strv_74_A2, 700.0, 55.0, 30.0, 20.0, 350.0, 40.0, 20.0, 20.0, 6.0, -, -, AP, 148.0, 150, APCR, 190.0, 150, HE, 38.0, 185
uk, MT, 1, GB01_Medium_Mark_I, 140.0, 6.35, 6.35, 6.35, 280.0, 6.35, 6.35, 6.35, 2.2, -, -, AP, 45.0, 70, AP, 57.0, 70, HE, 29.0, 95
uk, MT, 2, GB05_Vickers_Medium_Mk_II, 190.0, 8.0, 8.0, 8.0, 300.0, 8.0, 8.0, 8.0, 2.2, -, -, AP, 57.0, 70, AP, 72.0, 70, HE, 29.0, 95
uk, LT, 2, GB14_M2, 165.0, 38.1, 25.4, 25.4, 320.0, 38.1, 25.4, 25.4, 2.5, -, -, AP, 48.0, 40, APCR, 70.0, 40, HE, 19.0, 50
uk, MT, 4, GB07_Matilda, 370.0, 75.0, 70.0, 55.0, 340.0, 75.0, 75.0, 75.0, 4.1, -, -, HE, 38.0, 175, HEAT, 100.0, 110, -, -, -
uk, MT, 4, GB07_Matilda, 370.0, 75.0, 70.0, 55.0, 340.0, 75.0, 75.0, 75.0, 1.2, -, -, AP, 121.0, 55, APCR, 145.0, 55, -, -, -
uk, MT, 6, GB21_Cromwell, 750.0, 63.5, 42.9, 31.8, 360.0, 76.2, 63.5, 57.2, 4.0, -, -, AP, 145.0, 135, APCR, 202.0, 135, HE, 38.0, 175
uk, LT, 3, GB15_Stuart_I, 250.0, 38.1, 25.4, 25.4, 330.0, 38.1, 31.8, 31.8, 2.2, -, -, AP, 56.0, 40, APCR, 78.0, 40, HE, 19.0, 50
uk, LT, 3, GB15_Stuart_I, 250.0, 38.1, 25.4, 25.4, 330.0, 38.1, 31.8, 31.8, 2.0, -, -, AP, 64.0, 45, APCR, 121.0, 45, HE, 23.0, 60
uk, MT, 4, GB17_Grant_I, 320.0, 50.8, 38.1, 38.1, 325.0, 50.8, 0.0, 0.0, 2.2, -, -, AP, 105.0, 75, APCR, 170.0, 75, HE, 30.0, 100
uk, MT, 4, GB17_Grant_I, 320.0, 50.8, 38.1, 38.1, 325.0, 50.8, 0.0, 0.0, 3.8, -, -, AP, 92.0, 110, AP, 109.0, 110, HE, 38.0, 175
uk, LT, 5, GB20_Crusader, 450.0, 40.2, 28.3, 28.3, 360.0, 50.8, 23.5, 29.7, 2.2, -, -, AP, 110.0, 75, APCR, 180.0, 75, HE, 30.0, 100
uk, MT, 3, GB06_Vickers_Medium_Mk_III, 280.0, 14.0, 9.0, 9.0, 330.0, 14.0, 14.0, 14.0, 2.2, -, -, AP, 57.0, 70, AP, 72.0, 70, HE, 29.0, 95
uk, HT, 5, GB08_Churchill_I, 700.0, 177.8, 63.5, 50.8, 350.0, 88.9, 88.9, 76.2, 4.0, -, -, AP, 145.0, 135, APCR, 202.0, 135, HE, 38.0, 175
uk, HT, 7, GB10_Black_Prince, 1450.0, 152.4, 95.3, 50.8, 370.0, 240.0, 95.2, 101.6, 3.2, -, -, AP, 171.0, 150, APCR, 239.0, 150, HE, 38.0, 190
uk, SPG, 3, GB27_Sexton, 140.0, 50.8, 38.1, 38.1, 330.0, -, -, -, 15.8, -, -, HE, 44.0, 280, AP, 92.0, 180, AP, 71.0, 180
uk, MT, 6, GB19_Sherman_Firefly, 750.0, 50.8, 38.1, 38.1, 370.0, 76.2, 50.8, 50.8, 3.2, -, -, AP, 171.0, 150, APCR, 239.0, 150, HE, 38.0, 190
uk, HT, 8, GB11_Caernarvon, 1600.0, 130.0, 50.8, 38.1, 400.0, 198.1, 152.4, 95.3, 3.2, -, -, AP, 226.0, 230, APCR, 258.0, 230, HE, 42.0, 280
uk, HT, 9, GB12_Conqueror, 1950.0, 130.0, 50.8, 38.1, 400.0, 254.0, 88.9, 69.9, 9.9, -, -, AP, 259.0, 400, APCR, 326.0, 400, HE, 120.0, 515
uk, HT, 6, GB09_Churchill_VII, 960.0, 152.4, 95.3, 50.8, 360.0, 152.4, 95.3, 95.3, 4.2, -, -, AP, 148.0, 140, APCR, 208.0, 140, HE, 38.0, 190
uk, LT, 4, GB04_Valentine, 340.0, 60.0, 60.0, 60.0, 340.0, 65.0, 60.0, 65.0, 3.8, -, -, AP, 91.0, 110, APCR, 144.0, 110, HE, 38.0, 175
uk, LT, 2, GB03_Cruiser_Mk_I, 170.0, 14.0, 10.0, 10.0, 320.0, 14.0, 14.0, 14.0, 1.2, -, -, AP, 49.0, 45, APCR, 71.0, 45, HE, 23.0, 60
uk, MT, 7, GB22_Comet, 1150.0, 76.2, 42.9, 31.8, 380.0, 101.6, 63.5, 57.2, 4.2, -, -, AP, 148.0, 140, APCR, 208.0, 140, HE, 38.0, 190
uk, MT, 9, GB24_Centurion_Mk3, 1720.0, 120.7, 50.8, 31.8, 410.0, 152.4, 88.9, 88.9, 7.5, -, -, APCR, 268.0, 390, HE, 210.0, 480, HE, 105.0, 480
uk, MT, 8, GB23_Centurion, 1450.0, 76.2, 50.8, 38.1, 400.0, 152.4, 88.9, 88.9, 3.2, -, -, AP, 226.0, 230, APCR, 258.0, 230, HE, 42.0, 280
uk, HT, 10, GB13_FV215b, 2500.0, 152.4, 101.6, 76.2, 410.0, 254.0, 152.4, 101.6, 9.9, -, -, AP, 259.0, 400, APCR, 326.0, 400, HE, 120.0, 515
uk, LT, 4, GB60_Covenanter, 340.0, 40.0, 30.0, 25.0, 340.0, 39.0, 19.5, 25.0, 1.2, -, -, AP, 49.0, 45, APCR, 71.0, 45, HE, 23.0, 60
uk, LT, 4, GB60_Covenanter, 340.0, 40.0, 30.0, 25.0, 340.0, 39.0, 19.5, 25.0, 4.1, -, -, HE, 38.0, 175, HEAT, 100.0, 110, -, -, -
uk, LT, 4, GB60_Covenanter, 340.0, 40.0, 30.0, 25.0, 340.0, 39.0, 19.5, 25.0, 1.2, -, -, AP, 63.0, 50, APCR, 101.0, 50, HE, 23.0, 60
uk, LT, 3, GB69_Cruiser_Mk_II, 240.0, 30.0, 22.0, 12.0, 330.0, 30.0, 26.0, 30.0, 7.4, -, -, HE, 47.0, 370, HEAT, 110.0, 280, -, -, -
uk, LT, 3, GB59_Cruiser_Mk_IV, 230.0, 30.0, 14.0, 14.0, 330.0, 30.0, 12.0, 14.0, 1.2, -, -, AP, 49.0, 45, APCR, 71.0, 45, HE, 23.0, 60
uk, LT, 3, GB59_Cruiser_Mk_IV, 230.0, 30.0, 14.0, 14.0, 330.0, 30.0, 12.0, 14.0, 1.2, -, -, AP, 63.0, 50, APCR, 101.0, 50, HE, 23.0, 60
uk, LT, 2, GB58_Cruiser_Mk_III, 150.0, 14.0, 14.0, 14.0, 320.0, 14.0, 12.0, 14.0, 1.2, -, -, AP, 49.0, 45, APCR, 71.0, 45, HE, 23.0, 60
uk, TD, 3, GB42_Valentine_AT, 170.0, 60.0, 60.0, 60.0, 320.0, -, -, -, 7.4, -, -, HE, 47.0, 370, HEAT, 110.0, 280, -, -, -
uk, TD, 2, GB39_Universal_CarrierQF2, 120.0, 10.0, 7.0, 7.0, 300.0, -, -, -, 2.2, -, -, AP, 57.0, 70, AP, 72.0, 70, HE, 29.0, 95
uk, TD, 8, GB72_AT15, 1450.0, 228.6, 152.4, 101.6, 370.0, -, -, -, 3.2, -, -, AP, 226.0, 230, APCR, 258.0, 230, HE, 42.0, 280
uk, TD, 5, GB73_AT2, 450.0, 203.2, 101.6, 101.6, 310.0, -, -, -, 7.4, -, -, HE, 47.0, 370, HEAT, 110.0, 280, -, -, -
uk, TD, 5, GB73_AT2, 450.0, 203.2, 101.6, 101.6, 310.0, -, -, -, 2.2, -, -, AP, 110.0, 75, APCR, 180.0, 75, HE, 30.0, 100
uk, TD, 4, GB57_Alecto, 270.0, 10.0, 10.0, 10.0, 330.0, -, -, -, 15.8, -, -, AP, 71.0, 180, AP, 92.0, 180, HE, 44.0, 280
uk, TD, 10, GB48_FV215b_183, 2000.0, 152.4, 50.8, 76.2, 390.0, -, -, -, 18.2, -, -, AP, 310.0, 1150, HE, 230.0, 1750, HE, 92.0, 1750
uk, TD, 6, GB74_AT8, 800.0, 203.2, 101.6, 101.6, 330.0, -, -, -, 3.2, -, -, AP, 171.0, 150, APCR, 239.0, 150, HE, 38.0, 190
uk, TD, 6, GB40_Gun_Carrier_Churchill, 650.0, 88.9, 63.5, 50.8, 340.0, -, -, -, 6.8, -, -, AP, 214.0, 250, APCR, 246.0, 250, HE, 47.0, 330
uk, TD, 7, GB75_AT7, 1250.0, 203.2, 101.6, 101.6, 350.0, -, -, -, 3.2, -, -, AP, 226.0, 230, APCR, 258.0, 230, HE, 42.0, 280
uk, SPG, 2, GB25_Loyd_Carrier, 80.0, 7.0, 7.0, 0.0, 320.0, -, -, -, 7.5, -, -, HE, 42.0, 165, -, -, -, -, -, -
uk, SPG, 4, GB26_Birch_Gun, 190.0, 6.0, 6.0, 6.0, 340.0, -, -, -, 15.8, -, -, HE, 44.0, 280, AP, 92.0, 180, AP, 71.0, 180
uk, SPG, 5, GB28_Bishop, 350.0, 60.0, 50.0, 60.0, 300.0, -, -, -, 15.8, -, -, HE, 57.0, 450, -, -, -, -, -, -
uk, SPG, 7, GB29_Crusader_5inch, 350.0, 28.3, 28.3, 12.0, 330.0, -, -, -, 15.8, -, -, HE, 70.0, 900, HE, 75.0, 900, -, -, -
uk, SPG, 9, GB30_FV3805, 450.0, 50.8, 50.8, 50.8, 340.0, -, -, -, 15.8, -, -, HE, 92.0, 1750, HE, 97.0, 1750, -, -, -
uk, SPG, 6, GB77_FV304, 280.0, 14.0, 14.0, 14.0, 310.0, -, -, -, 15.8, -, -, HE, 57.0, 450, -, -, -, -, -, -
uk, SPG, 8, GB79_FV206, 430.0, 50.8, 50.8, 50.8, 330.0, -, -, -, 15.8, -, -, HE, 90.0, 1250, AP, 258.0, 750, HE, 90.0, 1250
uk, SPG, 10, GB31_Conqueror_Gun, 530.0, 152.4, 50.8, 76.2, 350.0, -, -, -, 15.8, -, -, HE, 117.0, 2200, HE, 117.0, 2200, -, -, -
uk, MT, 5, GB50_Sherman_III, 465.0, 50.8, 38.1, 38.1, 370.0, 63.5, 63.5, 63.5, 4.2, -, -, AP, 128.0, 115, AP, 149.0, 115, HE, 38.0, 185
uk, TD, 9, GB81_FV4004, 1500.0, 76.2, 50.8, 38.1, 380.0, -, -, -, 9.9, -, -, AP, 259.0, 400, APCR, 326.0, 400, HE, 120.0, 515
uk, TD, 5, GB44_Archer, 360.0, 20.0, 20.0, 20.0, 360.0, -, -, -, 3.2, -, -, AP, 171.0, 150, APCR, 239.0, 150, HE, 38.0, 190
uk, TD, 10, GB83_FV4005, 1850.0, 76.2, 50.8, 38.1, 390.0, -, -, -, 18.2, -, -, AP, 310.0, 1150, HE, 230.0, 1750, HE, 92.0, 1750
uk, TD, 7, GB41_Challenger, 900.0, 88.9, 50.8, 38.1, 370.0, -, -, -, 3.2, -, -, AP, 171.0, 150, APCR, 239.0, 150, HE, 38.0, 190
uk, TD, 6, GB45_Achilles_IIC, 640.0, 38.1, 19.1, 19.1, 370.0, -, -, -, 3.2, -, -, AP, 171.0, 150, APCR, 239.0, 150, HE, 38.0, 190
uk, TD, 8, GB80_Charioteer, 1050.0, 63.5, 46.0, 38.1, 370.0, -, -, -, 7.5, -, -, APCR, 268.0, 390, HE, 210.0, 480, HE, 105.0, 480
uk, MT, 10, GB86_Centurion_Action_X, 1950.0, 120.7, 50.8, 31.8, 410.0, 198.1, 152.4, 95.3, 7.5, -, -, APCR, 268.0, 390, HEAT, 330.0, 390, HE, 105.0, 480
uk, TD, 9, GB32_Tortoise, 2000.0, 228.6, 152.4, 101.6, 390.0, -, -, -, 9.9, -, -, AP, 259.0, 400, APCR, 326.0, 400, HE, 120.0, 515
uk, MT, 4, GB33_Sentinel_AC_I, 370.0, 65.0, 45.0, 45.0, 350.0, 65.0, 65.0, 65.0, 4.0, -, -, AP, 88.0, 45, APCR, 121.0, 45, HE, 23.0, 60
uk, MT, 5, GB68_Matilda_Black_Prince, 610.0, 75.0, 70.0, 55.0, 350.0, 76.2, 63.5, 57.2, 2.2, -, -, AP, 110.0, 75, APCR, 180.0, 75, HE, 30.0, 100
uk, HT, 6, GB63_TOG_II, 1400.0, 76.2, 76.2, 50.8, 360.0, 114.3, 76.2, 53.3, 3.2, -, -, AP, 171.0, 150, APCR, 239.0, 150, HE, 38.0, 190
uk, TD, 7, GB71_AT_15A, 1050.0, 228.6, 152.4, 101.6, 350.0, -, -, -, 3.2, -, -, AP, 171.0, 150, APCR, 239.0, 150, HE, 38.0, 190
uk, HT, 5, GB51_Excelsior, 670.0, 114.3, 31.75, 108.0, 350.0, 114.3, 92.1, 92.1, 3.8, -, -, AP, 91.0, 110, APCR, 144.0, 110, HE, 38.0, 175
uk, SPG, 3, GB78_Sexton_I, 140.0, 50.8, 31.8, 38.1, 330.0, -, -, -, 15.8, -, -, HE, 44.0, 280, AP, 92.0, 180, AP, 71.0, 180
uk, LT, 2, GB76_Mk_VIC, 150.0, 14.0, 13.0, 6.0, 300.0, 14.0, 14.0, 11.0, 5.7, 40, 430, AP, 27.0, 9, -, -, -, -, -, -
uk, HT, 7, GB52_A45, 1500.0, 76.2, 50.8, 38.1, 380.0, 152.4, 88.9, 88.9, 3.2, -, -, AP, 171.0, 150, APCR, 239.0, 150, HE, 38.0, 190
uk, MT, 8, GB70_N_FV4202_105, 1400.0, 50.8, 50.8, 31.8, 390.0, 170.0, 90.0, 90.0, 3.2, -, -, AP, 226.0, 230, APCR, 258.0, 230, HE, 42.0, 280
uk, MT, 6, GB85_Cromwell_Berlin, 750.0, 63.5, 42.9, 31.8, 360.0, 76.2, 63.5, 57.2, 4.0, -, -, AP, 145.0, 135, APCR, 202.0, 135, HE, 38.0, 175
uk, MT, 6, GB35_Sentinel_AC_IV, 750.0, 65.0, 45.0, 45.0, 360.0, 65.0, 65.0, 65.0, 3.2, -, -, AP, 171.0, 150, APCR, 239.0, 150, HE, 38.0, 190
usa, HT, 5, T14, 690.0, 50.8, 50.8, 50.8, 330.0, 101.0, 101.0, 101.0, 3.8, -, -, AP, 92.0, 110, APCR, 127.0, 110, HE, 38.0, 175
usa, LT, 3, M3_Stuart, 240.0, 38.1, 25.4, 25.4, 330.0, 38.1, 31.7, 31.7, 2.2, -, -, AP, 56.0, 40, APCR, 78.0, 40, HE, 19.0, 50
usa, LT, 1, T1_Cunningham, 115.0, 9.5, 6.3, 6.3, 280.0, 9.5, 6.3, 6.3, 6.8, 5, 120, AP, 33.0, 30, APCR, 53.0, 30, HE, 19.0, 36
usa, HT, 6, M6, 870.0, 102.0, 44.0, 41.0, 350.0, 102.0, 83.0, 83.0, 8.1, -, -, AP, 160.0, 240, APCR, 243.0, 240, HE, 45.0, 320
usa, MT, 5, M4_Sherman, 460.0, 50.8, 38.1, 38.1, 370.0, 63.5, 63.5, 63.5, 4.2, -, -, AP, 128.0, 115, APCR, 177.0, 115, HE, 38.0, 185
usa, MT, 6, M4A3E8_Sherman, 750.0, 63.5, 38.0, 38.0, 370.0, 76.2, 51.0, 51.0, 4.2, -, -, AP, 128.0, 115, APCR, 177.0, 115, HE, 38.0, 185
usa, MT, 6, M4A3E8_Sherman, 750.0, 63.5, 38.0, 38.0, 370.0, 76.2, 51.0, 51.0, 3.2, -, -, AP, 128.0, 115, APCR, 177.0, 115, HE, 38.0, 185
usa, MT, 7, T20, 1100.0, 63.5, 50.8, 38.1, 390.0, 88.9, 63.5, 63.5, 8.1, -, -, AP, 160.0, 240, APCR, 243.0, 240, HE, 45.0, 320
usa, LT, 2, M2_lt, 160.0, 38.1, 25.4, 25.4, 320.0, 38.1, 25.4, 25.4, 1.6, 15, 600, AP, 30.0, 12, APCR, 41.0, 12, -, -, -
usa, LT, 2, M2_lt, 160.0, 38.1, 25.4, 25.4, 320.0, 38.1, 25.4, 25.4, 2.5, -, -, AP, 48.0, 40, APCR, 70.0, 40, HE, 19.0, 50
usa, TD, 9, T30, 1650.0, 102.0, 76.0, 51.0, 380.0, -, -, -, 18.2, -, -, AP, 276.0, 750, APCR, 320.0, 750, HE, 90.0, 950
usa, HT, 8, T34_hvy, 1500.0, 102.0, 76.0, 51.0, 360.0, 279.4, 127.0, 203.0, 12.0, -, -, AP, 248.0, 400, APCR, 297.0, 400, HE, 60.0, 515
usa, MT, 4, M3_Grant, 310.0, 50.8, 38.1, 38.1, 320.0, -, -, -, 3.8, -, -, AP, 92.0, 110, APCR, 127.0, 110, HE, 38.0, 175
usa, HT, 5, T1_hvy, 660.0, 95.3, 52.4, 46.0, 330.0, 101.6, 82.6, 82.6, 4.2, -, -, AP, 128.0, 115, APCR, 177.0, 115, HE, 38.0, 185
usa, SPG, 3, M7_Priest, 140.0, 101.6, 38.1, 12.7, 290.0, -, -, -, 11.4, -, -, HE, 53.0, 410, HEAT, 101.6, 350, -, -, -
usa, HT, 7, T29, 1250.0, 102.0, 76.0, 51.0, 380.0, 279.4, 127.0, 102.0, 9.4, -, -, AP, 198.0, 320, APCR, 245.0, 320, HE, 53.0, 420
usa, SPG, 5, M41, 230.0, 12.7, 12.7, 12.7, 310.0, -, -, -, 17.1, -, -, HE, 78.0, 700, HEAT, 240.0, 700, -, -, -
usa, HT, 8, T32, 1550.0, 127.0, 76.0, 51.0, 400.0, 298.0, 197.0, 152.0, 9.4, -, -, AP, 198.0, 320, APCR, 245.0, 320, HE, 53.0, 420
usa, SPG, 4, M37, 180.0, 12.7, 12.7, 12.7, 300.0, -, -, -, 13.1, -, -, HE, 53.0, 410, HEAT, 101.6, 350, -, -, -
usa, MT, 3, M2_med, 210.0, 32.0, 18.0, 13.0, 370.0, 38.0, 25.0, 25.0, 2.2, -, -, AP, 56.0, 40, APCR, 78.0, 40, HE, 19.0, 50
usa, MT, 3, M2_med, 210.0, 32.0, 18.0, 13.0, 370.0, 38.0, 25.0, 25.0, 4.1, -, -, HE, 38.0, 175, HEAT, 91.4, 110, -, -, -
usa, LT, 4, M5_Stuart, 340.0, 28.6, 28.6, 25.4, 360.0, 44.5, 31.8, 31.8, 2.2, -, -, AP, 56.0, 40, APCR, 78.0, 40, HE, 19.0, 50
usa, MT, 5, M7_med, 440.0, 38.1, 33.3, 31.7, 380.0, 52.3, 41.2, 41.2, 2.2, -, -, AP, 105.0, 75, APCR, 170.0, 75, -, -, -
usa, MT, 5, M7_med, 440.0, 38.1, 33.3, 31.7, 380.0, 52.3, 41.2, 41.2, 3.8, -, -, AP, 92.0, 110, APCR, 127.0, 110, HE, 38.0, 175
usa, MT, 2, T2_med, 170.0, 22.0, 22.0, 22.0, 320.0, 25.0, 25.0, 25.0, 2.5, -, -, AP, 48.0, 40, APCR, 70.0, 40, HE, 19.0, 50
usa, MT, 2, T2_med, 170.0, 22.0, 22.0, 22.0, 320.0, 25.0, 25.0, 25.0, 1.6, 15, 600, AP, 30.0, 12, APCR, 41.0, 12, -, -, -
usa, MT, 8, Pershing, 1440.0, 101.6, 76.2, 50.8, 400.0, 127.0, 76.2, 63.5, 7.6, -, -, AP, 190.0, 240, APCR, 268.0, 240, HE, 45.0, 320
usa, TD, 5, M10_Wolverine, 360.0, 38.1, 19.1, 19.1, 370.0, -, -, -, 3.0, -, -, AP, 128.0, 115, APCR, 177.0, 115, HE, 38.0, 185
usa, TD, 6, M36_Slagger, 590.0, 114.0, 25.0, 25.0, 370.0, -, -, -, 7.5, -, -, AP, 160.0, 240, APCR, 243.0, 240, HE, 45.0, 320
usa, SPG, 8, M40M43, 400.0, 108.0, 25.4, 12.7, 340.0, -, -, -, 35.4, -, -, HE, 102.0, 1850, AP, 241.0, 1450, HE, 102.0, 1850
usa, TD, 4, T40, 275.0, 51.0, 38.0, 38.0, 310.0, -, -, -, 3.4, -, -, AP, 128.0, 115, APCR, 177.0, 115, HE, 38.0, 185
usa, SPG, 7, M12, 350.0, 50.8, 19.1, 19.1, 330.0, -, -, -, 17.8, -, -, HE, 88.0, 1250, HE, 90.0, 1250, -, -, -
usa, TD, 8, T28, 1500.0, 254.0, 50.8, 50.8, 370.0, -, -, -, 10.0, -, -, AP, 248.0, 400, APCR, 297.0, 400, HE, 60.0, 515
usa, SPG, 10, T92, 500.0, 25.4, 25.4, 12.7, 360.0, -, -, -, 46.8, -, -, HE, 120.0, 2250, AP, 370.0, 1800, HE, 120.0, 2250
usa, TD, 9, T95, 1800.0, 305.0, 152.4, 50.8, 380.0, -, -, -, 18.2, -, -, AP, 276.0, 750, APCR, 320.0, 750, HE, 90.0, 950
usa, MT, 9, M46_Patton, 1700.0, 101.6, 76.2, 50.8, 410.0, 101.6, 63.5, 76.2, 8.8, -, -, AP, 218.0, 390, APCR, 265.0, 390, HE, 53.0, 480
usa, TD, 7, T25_AT, 840.0, 88.9, 76.2, 38.1, 350.0, -, -, -, 8.3, -, -, AP, 198.0, 320, APCR, 245.0, 320, HE, 53.0, 420
usa, HT, 9, M103, 1850.0, 228.6, 44.5, 44.5, 390.0, 254.0, 99.1, 53.3, 10.9, -, -, AP, 258.0, 400, HEAT, 340.0, 400, HE, 60.0, 515
usa, LT, 5, M24_Chaffee, 440.0, 25.4, 25.4, 19.1, 390.0, 38.1, 25.4, 25.4, 4.0, -, -, AP, 96.0, 110, APCR, 143.0, 110, HE, 38.0, 175
usa, LT, 5, M24_Chaffee, 440.0, 25.4, 25.4, 19.1, 390.0, 38.1, 25.4, 25.4, 3.8, -, -, AP, 96.0, 110, APCR, 143.0, 110, HE, 38.0, 175
usa, MT, 6, Sherman_Jumbo, 760.0, 101.6, 76.2, 38.1, 370.0, 63.5, 63.5, 63.5, 4.2, -, -, AP, 128.0, 115, APCR, 177.0, 115, HE, 38.0, 185
usa, MT, 6, Sherman_Jumbo, 760.0, 101.6, 76.2, 38.1, 370.0, 63.5, 63.5, 63.5, 3.2, -, -, AP, 128.0, 115, APCR, 177.0, 115, HE, 38.0, 185
usa, TD, 4, M8A1, 265.0, 28.6, 28.6, 25.4, 320.0, -, -, -, 2.5, -, -, AP, 110.0, 75, APCR, 180.0, 75, HE, 29.0, 95
usa, TD, 4, M8A1, 265.0, 28.6, 28.6, 25.4, 320.0, -, -, -, 3.7, -, -, AP, 101.0, 110, APCR, 157.0, 110, HE, 38.0, 175
usa, TD, 5, T67, 360.0, 12.7, 12.7, 12.7, 340.0, -, -, -, 3.4, -, -, AP, 128.0, 115, APCR, 177.0, 115, HE, 38.0, 185
usa, HT, 10, T110, 2200.0, 254.0, 76.2, 38.1, 400.0, 203.2, 127.0, 76.2, 10.9, -, -, AP, 258.0, 400, HEAT, 340.0, 400, HE, 60.0, 515
usa, TD, 7, T25_2, 850.0, 76.2, 50.8, 38.1, 380.0, -, -, -, 7.5, -, -, AP, 170.0, 240, APCR, 258.0, 240, HE, 45.0, 320
usa, TD, 8, T28_Prototype, 1150.0, 203.2, 50.8, 50.8, 380.0, -, -, -, 10.0, -, -, AP, 248.0, 400, APCR, 297.0, 400, HE, 60.0, 515
usa, TD, 6, M18_Hellcat, 570.0, 12.7, 12.7, 12.7, 370.0, -, -, -, 7.5, -, -, AP, 160.0, 240, APCR, 243.0, 240, HE, 45.0, 320
usa, MT, 7, T23E3, 1050.0, 76.2, 50.8, 38.1, 380.0, 76.2, 63.5, 63.5, 4.2, -, -, AP, 149.0, 115, APCR, 190.0, 115, HE, 38.0, 185
usa, MT, 5, A78_M4_Improved, 480.0, 50.8, 63.5, 50.8, 370.0, 76.2, 50.8, 50.8, 3.8, -, -, AP, 92.0, 110, APCR, 127.0, 110, HE, 38.0, 175
usa, TD, 10, T110E4, 2000.0, 260.0, 76.0, 38.0, 390.0, -, -, -, 18.2, -, -, AP, 295.0, 750, APCR, 375.0, 750, HE, 90.0, 1100
usa, MT, 8, T26_E4_SuperPershing, 1500.0, 101.6, 76.2, 50.8, 390.0, 101.6, 76.2, 76.2, 7.6, -, -, AP, 170.0, 240, APCR, 258.0, 240, HE, 45.0, 320
usa, TD, 10, T110E3, 2050.0, 305.0, 76.0, 38.0, 390.0, -, -, -, 18.2, -, -, AP, 295.0, 750, APCR, 375.0, 750, HE, 90.0, 1100
usa, MT, 10, M48A1, 2000.0, 152.4, 76.2, 38.1, 420.0, 177.8, 76.2, 50.8, 8.5, -, -, APCR, 268.0, 390, HEAT, 330.0, 390, HE, 53.0, 480
usa, MT, 8, T69, 1350.0, 101.6, 76.2, 38.1, 400.0, 152.4, 76.2, 114.3, 7.5, -, -, AP, 181.0, 240, HEAT, 250.0, 240, HE, 45.0, 320
usa, HT, 10, T57_58, 2250.0, 228.6, 44.5, 44.5, 400.0, 152.4, 127.0, 50.8, 10.9, -, -, AP, 258.0, 400, HEAT, 340.0, 400, HE, 60.0, 515
usa, LT, 6, T21, 600.0, 28.6, 25.4, 22.2, 390.0, 28.6, 25.4, 25.4, 3.2, -, -, AP, 128.0, 115, APCR, 177.0, 115, HE, 38.0, 185
usa, MT, 9, T54E1, 1750.0, 152.4, 76.2, 38.1, 400.0, 127.0, 69.9, 50.8, 8.5, -, -, AP, 210.0, 390, APCR, 255.0, 390, -, -, -
usa, LT, 7, T71, 840.0, 25.4, 22.2, 19.1, 400.0, 22.2, 22.2, 22.2, 3.2, -, -, APCR, 175.0, 150, HEAT, 210.0, 150, HE, 38.0, 185
usa, MT, 10, M60, 2000.0, 93.2, 73.7, 25.4, 420.0, 177.8, 76.2, 50.8, 8.5, -, -, APCR, 268.0, 390, HEAT, 330.0, 390, HE, 53.0, 480
usa, SPG, 9, M53_55, 450.0, 25.4, 12.7, 12.7, 350.0, -, -, -, 35.4, -, -, HE, 102.0, 1850, AP, 241.0, 1450, HE, 102.0, 1850
usa, SPG, 6, _M44, 280.0, 12.7, 12.7, 12.7, 320.0, -, -, -, 17.8, -, -, HE, 78.0, 700, HEAT, 240.0, 700, -, -, -
usa, LT, 6, T37, 680.0, 25.4, 25.4, 19.1, 385.0, 31.8, 25.4, 25.4, 3.2, -, -, AP, 137.0, 115, APCR, 185.0, 115, HE, 38.0, 185
usa, LT, 6, T37, 680.0, 25.4, 25.4, 19.1, 385.0, 31.8, 25.4, 25.4, 3.2, -, -, AP, 137.0, 115, APCR, 185.0, 115, HE, 38.0, 185
usa, LT, 6, T37, 680.0, 25.4, 25.4, 19.1, 385.0, 31.8, 25.4, 25.4, 3.2, -, -, AP, 150.0, 115, APCR, 199.0, 115, HE, 38.0, 185
usa, LT, 7, M41_Bulldog, 910.0, 25.4, 25.4, 19.1, 400.0, 25.4, 25.4, 25.4, 3.2, -, -, APCR, 175.0, 150, HEAT, 210.0, 150, HE, 38.0, 185
usa, LT, 7, M41_Bulldog, 910.0, 25.4, 25.4, 19.1, 400.0, 25.4, 25.4, 25.4, 3.2, -, -, APCR, 175.0, 150, HEAT, 210.0, 150, HE, 38.0, 185
usa, LT, 8, T49, 1100.0, 25.4, 25.4, 19.1, 400.0, 38.1, 15.9, 15.9, 7.5, -, -, HE, 102.0, 320, HEAT, 250.0, 240, HE, 45.0, 320
usa, LT, 8, T49, 1100.0, 25.4, 25.4, 19.1, 400.0, 38.1, 15.9, 15.9, 20.0, -, -, HE, 76.0, 910, HEAT, 152.0, 700, HE, 85.0, 910
usa, SPG, 3, A108_T18_HMC, 110.0, 50.8, 31.8, 25.4, 280.0, -, -, -, 4.9, -, -, HE, 38.0, 175, HEAT, 91.4, 110, -, -, -
usa, TD, 3, A109_T56_GMC, 160.0, 38.1, 25.4, 12.7, 290.0, -, -, -, 2.5, -, -, AP, 110.0, 75, APCR, 180.0, 75, HE, 29.0, 95
usa, TD, 2, A46_T3, 110.0, 15.9, 12.7, 6.4, 270.0, -, -, -, 4.9, -, -, HE, 38.0, 175, HEAT, 91.4, 110, -, -, -
usa, SPG, 4, A27_T82, 130.0, 28.6, 28.6, 25.4, 300.0, -, -, -, 13.1, -, -, HE, 53.0, 410, HEAT, 101.6, 350, -, -, -
usa, SPG, 2, A107_T1_HMC, 80.0, 9.5, 9.5, 9.5, 280.0, -, -, -, 4.0, -, -, HE, 38.0, 175, HEAT, 91.4, 110, -, -, -
usa, LT, 2, T2_lt, 150.0, 17.0, 15.0, 6.0, 260.0, 16.0, 16.0, 16.0, 8.0, 15, 600, AP, 30.0, 12, APCR, 41.0, 12, -, -, -
usa, MT, 5, Ram-II, 610.0, 76.2, 63.0, 38.0, 330.0, 76.2, 76.2, 51.0, 2.2, -, -, AP, 105.0, 75, APCR, 170.0, 75, -, -, -
usa, MT, 5, M4A2E4, 480.0, 65.0, 38.1, 38.1, 370.0, 76.2, 50.8, 50.8, 3.8, -, -, AP, 92.0, 110, APCR, 127.0, 110, HE, 38.0, 175
usa, HT, 8, M6A2E1, 1500.0, 191.0, 66.0, 51.0, 380.0, 229.0, 89.0, 208.0, 11.8, -, -, AP, 198.0, 320, APCR, 245.0, 320, HE, 53.0, 420
usa, LT, 3, M22_Locust, 250.0, 25.0, 13.0, 13.0, 330.0, 25.0, 25.0, 25.0, 2.2, -, -, AP, 56.0, 40, APCR, 78.0, 40, HE, 19.0, 50
usa, LT, 2, T1_E6, 160.0, 15.9, 6.4, 6.4, 260.0, 12.7, 6.4, 6.4, 6.8, 5, 120, AP, 33.0, 30, APCR, 53.0, 30, HE, 19.0, 36
usa, MT, 8, T95_E2, 1500.0, 114.3, 50.8, 19.0, 400.0, 177.8, 76.2, 50.8, 7.5, -, -, AP, 181.0, 240, HEAT, 250.0, 240, HE, 45.0, 320
usa, LT, 2, T7_Combat_Car, 150.0, 15.9, 12.7, 6.4, 280.0, 12.7, 12.7, 12.7, 1.5, 40, 550, AP, 27.0, 8, -, -, -, -, -, -
usa, MT, 6, A104_M4A3E8A, 750.0, 63.5, 38.1, 38.1, 370.0, 63.5, 63.5, 63.5, 3.2, -, -, AP, 128.0, 115, APCR, 177.0, 115, HE, 38.0, 185
usa, TD, 7, A101_M56, 820.0, 1.0, 1.0, 1.0, 350.0, -, -, -, 7.5, -, -, AP, 219.0, 240, HEAT, 275.0, 240, HE, 45.0, 320
usa, TD, 7, A102_T28_concept, 880.0, 203.2, 101.6, 50.8, 370.0, -, -, -, 11.0, -, -, AP, 181.0, 320, APCR, 224.0, 320, HE, 53.0, 420
usa, MT, 8, A63_M46_Patton_KR, 1450.0, 101.6, 76.2, 50.8, 390.0, 101.6, 76.2, 76.2, 4.0, -, -, AP, 192.0, 240, APCR, 243.0, 240, HE, 45.0, 320
usa, LT, 7, A112_T71E2, 840.0, 25.4, 22.2, 19.1, 400.0, 22.2, 22.2, 22.2, 4.0, -, -, APCR, 175.0, 150, HEAT, 210.0, 150, HE, 38.0, 185
ussr, MT, 5, T-34, 450.0, 45.0, 45.0, 40.0, 350.0, 52.0, 52.0, 45.0, 2.8, -, -, AP, 112.0, 85, APCR, 189.0, 85, HE, 29.0, 95
ussr, MT, 5, T-34, 450.0, 45.0, 45.0, 40.0, 350.0, 52.0, 52.0, 45.0, 4.5, -, -, AP, 125.0, 115, APCR, 156.0, 110, HE, 39.0, 165
ussr, TD, 5, SU-85, 350.0, 45.0, 45.0, 40.0, 280.0, -, -, -, 5.3, -, -, AP, 144.0, 180, APCR, 194.0, 180, HE, 44.0, 300
ussr, HT, 7, IS, 1230.0, 120.0, 90.0, 60.0, 350.0, 100.0, 90.0, 90.0, 12.3, -, -, AP, 175.0, 390, APCR, 217.0, 390, HE, 61.0, 530
ussr, LT, 3, BT-7, 230.0, 20.0, 19.0, 13.0, 300.0, 20.0, 15.0, 15.0, 2.2, -, -, AP, 58.0, 40, APCR, 92.0, 40, HE, 19.0, 50
ussr, LT, 2, BT-2, 160.0, 15.0, 13.0, 10.0, 280.0, 26.0, 13.0, 13.0, 2.2, -, -, AP, 51.0, 47, APCR, 88.0, 47, HE, 23.0, 62
ussr, MT, 4, T-28, 350.0, 30.0, 20.0, 20.0, 340.0, 25.0, 25.0, 25.0, 2.8, -, -, AP, 112.0, 85, APCR, 189.0, 85, HE, 29.0, 95
ussr, SPG, 7, S-51, 350.0, 60.0, 60.0, 60.0, 330.0, -, -, -, 43.4, -, -, HE, 102.0, 1850, AP, 260.0, 1450, HE, 102.0, 1850
ussr, LT, 4, A-20, 340.0, 20.0, 20.0, 16.0, 330.0, 37.0, 37.0, 25.0, 3.6, 5, 180, AP, 46.0, 40, APCR, 62.0, 40, HE, 19.0, 50
ussr, TD, 7, SU-152, 870.0, 75.0, 60.0, 60.0, 330.0, -, -, -, 7.4, -, -, AP, 175.0, 390, APCR, 217.0, 390, HE, 64.0, 530
ussr, MT, 6, T-34-85, 720.0, 45.0, 45.0, 40.0, 360.0, 90.0, 75.0, 52.0, 5.8, -, -, AP, 144.0, 180, APCR, 194.0, 180, HE, 44.0, 300
ussr, HT, 5, KV-1s, 620.0, 75.0, 60.0, 60.0, 320.0, 82.0, 75.0, 75.0, 4.8, -, -, AP, 119.0, 160, APCR, 159.0, 160, HE, 43.0, 280
ussr, HT, 5, KV-1s, 660.0, 75.0, 60.0, 60.0, 340.0, 82.0, 82.0, 82.0, 4.8, -, -, AP, 119.0, 160, APCR, 159.0, 160, HE, 43.0, 280
ussr, LT, 3, T-46, 250.0, 15.0, 15.0, 15.0, 310.0, 30.0, 15.0, 15.0, 3.6, 5, 180, AP, 46.0, 40, APCR, 62.0, 40, HE, 19.0, 50
ussr, TD, 6, SU-100, 580.0, 75.0, 45.0, 45.0, 350.0, -, -, -, 5.3, -, -, AP, 144.0, 180, APCR, 194.0, 180, HE, 44.0, 300
ussr, TD, 6, SU-100, 580.0, 75.0, 45.0, 45.0, 350.0, -, -, -, 13.3, -, -, AP, 175.0, 390, APCR, 217.0, 390, HE, 61.0, 530
ussr, LT, 1, MS-1, 100.0, 16.0, 16.0, 16.0, 280.0, 16.0, 16.0, 16.0, 2.8, -, -, AP, 51.0, 47, APCR, 88.0, 47, HE, 23.0, 62
ussr, SPG, 2, SU-18, 70.0, 16.0, 16.0, 16.0, 260.0, -, -, -, 6.9, -, -, HE, 42.0, 164, HEAT, 75.0, 110, -, -, -
ussr, SPG, 8, SU-14, 410.0, 50.0, 30.0, 20.0, 310.0, -, -, -, 43.4, -, -, HE, 102.0, 1850, AP, 260.0, 1450, HE, 102.0, 1850
ussr, MT, 8, T-44, 1300.0, 90.0, 75.0, 45.0, 380.0, 120.0, 100.0, 100.0, 15.4, -, -, AP, 175.0, 390, APCR, 217.0, 390, HE, 61.0, 530
ussr, LT, 2, T-26, 180.0, 15.0, 15.0, 15.0, 310.0, 15.0, 15.0, 15.0, 2.2, -, -, AP, 58.0, 40, APCR, 92.0, 40, HE, 19.0, 50
ussr, SPG, 4, SU-5, 160.0, 15.0, 15.0, 15.0, 290.0, -, -, -, 9.1, -, -, HE, 75.0, 450, -, -, -, -, -, -
ussr, TD, 2, AT-1, 125.0, 15.0, 15.0, 15.0, 250.0, -, -, -, 2.5, -, -, AP, 75.0, 75, APCR, 112.0, 75, HE, 29.0, 95
ussr, HT, 8, IS-3, 1500.0, 110.0, 90.0, 60.0, 350.0, 249.0, 172.0, 100.0, 13.2, -, -, AP, 225.0, 390, APCR, 265.0, 390, HE, 68.0, 530
ussr, SPG, 6, SU-8, 270.0, 30.0, 20.0, 20.0, 320.0, -, -, -, 20.2, -, -, HE, 88.0, 910, HEAT, 250.0, 700, -, -, -
ussr, HT, 7, KV-3, 1400.0, 120.0, 90.0, 90.0, 340.0, 130.0, 130.0, 130.0, 12.3, -, -, AP, 175.0, 390, APCR, 217.0, 390, HE, 61.0, 530
ussr, HT, 10, IS-4, 2500.0, 140.0, 160.0, 100.0, 400.0, 250.0, 200.0, 170.0, 12.5, -, -, AP, 258.0, 440, HEAT, 340.0, 440, HE, 68.0, 530
ussr, TD, 3, SU-76, 155.0, 25.0, 15.0, 15.0, 290.0, -, -, -, 2.8, -, -, AP, 112.0, 85, APCR, 189.0, 85, HE, 29.0, 95
ussr, MT, 7, T-43, 1100.0, 75.0, 75.0, 75.0, 370.0, 90.0, 90.0, 90.0, 5.8, -, -, AP, 144.0, 180, APCR, 194.0, 180, HE, 44.0, 300
ussr, TD, 4, GAZ-74b, 260.0, 25.0, 15.0, 15.0, 310.0, -, -, -, 2.8, -, -, AP, 112.0, 85, APCR, 189.0, 85, HE, 29.0, 95
ussr, TD, 4, GAZ-74b, 260.0, 25.0, 15.0, 15.0, 310.0, -, -, -, 4.4, -, -, AP, 130.0, 160, APCR, 170.0, 160, HE, 44.0, 280
ussr, HT, 10, IS-7, 2150.0, 150.0, 150.0, 100.0, 400.0, 240.0, 185.0, 94.0, 15.4, -, -, AP, 250.0, 490, APCR, 303.0, 490, HE, 68.0, 640
ussr, TD, 8, ISU-152, 1010.0, 90.0, 90.0, 60.0, 350.0, -, -, -, 17.6, -, -, AP, 286.0, 750, APCR, 329.0, 750, HE, 90.0, 950
ussr, SPG, 3, SU-26, 110.0, 15.0, 15.0, 15.0, 280.0, -, -, -, 6.0, -, -, AP, 80.0, 110, HE, 42.0, 164, HEAT, 75.0, 110
ussr, MT, 9, T-54, 1650.0, 120.0, 80.0, 45.0, 390.0, 200.0, 160.0, 65.0, 8.1, -, -, AP, 219.0, 320, HEAT, 330.0, 320, HE, 50.0, 420
ussr, MT, 9, T-54, 1650.0, 120.0, 80.0, 45.0, 390.0, 200.0, 160.0, 65.0, 8.0, -, -, AP, 201.0, 320, HEAT, 330.0, 320, HE, 50.0, 420
ussr, TD, 9, R53_Object_704, 1600.0, 120.0, 90.0, 60.0, 360.0, -, -, -, 17.6, -, -, AP, 286.0, 750, APCR, 329.0, 750, HE, 90.0, 950
ussr, SPG, 9, Object_212, 460.0, 60.0, 60.0, 60.0, 320.0, -, -, -, 43.4, -, -, HE, 102.0, 1850, AP, 260.0, 1450, HE, 102.0, 1850
ussr, SPG, 10, Object_261, 510.0, 75.0, 50.0, 30.0, 350.0, -, -, -, 29.7, -, -, HE, 102.0, 1700, AP, 360.0, 1100, HE, 102.0, 1700
ussr, MT, 7, KV-13, 1120.0, 120.0, 85.0, 85.0, 360.0, 100.0, 90.0, 90.0, 5.8, -, -, AP, 144.0, 180, APCR, 194.0, 180, HE, 44.0, 300
ussr, HT, 8, IS-6, 1550.0, 100.0, 100.0, 60.0, 350.0, 150.0, 150.0, 100.0, 12.3, -, -, AP, 175.0, 390, APCR, 217.0, 390, HE, 61.0, 530
ussr, LT, 4, T-50, 360.0, 37.0, 37.0, 37.0, 330.0, 37.0, 37.0, 15.0, 3.6, 5, 180, AP, 46.0, 40, APCR, 62.0, 40, HE, 19.0, 50
ussr, TD, 8, SU-101, 990.0, 120.0, 90.0, 40.0, 380.0, -, -, -, 12.5, -, -, AP, 258.0, 440, HEAT, 340.0, 440, HE, 68.0, 530
ussr, TD, 7, SU100M1, 830.0, 90.0, 75.0, 45.0, 360.0, -, -, -, 6.8, -, -, AP, 183.0, 250, APCR, 235.0, 250, HE, 50.0, 330
ussr, HT, 6, KV2, 860.0, 75.0, 75.0, 70.0, 330.0, 75.0, 75.0, 70.0, 9.7, -, -, AP, 167.0, 300, APCR, 219.0, 300, HE, 54.0, 360
ussr, HT, 9, ST_I, 1900.0, 140.0, 140.0, 100.0, 380.0, 250.0, 160.0, 160.0, 12.5, -, -, AP, 258.0, 440, HEAT, 340.0, 440, HE, 68.0, 530
ussr, HT, 8, KV4, 1700.0, 180.0, 150.0, 90.0, 350.0, 180.0, 150.0, 140.0, 8.8, -, -, AP, 227.0, 320, APCR, 289.0, 320, HE, 62.0, 420
ussr, HT, 6, T150, 880.0, 90.0, 90.0, 75.0, 330.0, 100.0, 100.0, 75.0, 9.7, -, -, AP, 167.0, 300, APCR, 219.0, 300, HE, 54.0, 360
ussr, HT, 9, IS8, 1800.0, 120.0, 120.0, 60.0, 400.0, 250.0, 201.0, 90.0, 12.5, -, -, AP, 258.0, 440, HEAT, 340.0, 440, HE, 68.0, 530
ussr, HT, 5, KV1, 640.0, 75.0, 75.0, 70.0, 310.0, 110.0, 110.0, 110.0, 5.1, -, -, AP, 120.0, 160, APCR, 161.0, 160, HE, 43.0, 280
ussr, TD, 9, SU122_54, 1530.0, 100.0, 80.0, 45.0, 390.0, -, -, -, 12.5, -, -, AP, 258.0, 440, HEAT, 340.0, 440, HE, 68.0, 530
ussr, MT, 6, A43, 730.0, 60.0, 45.0, 40.0, 360.0, 75.0, 75.0, 75.0, 2.8, -, -, AP, 112.0, 85, APCR, 189.0, 85, HE, 29.0, 95
ussr, MT, 6, A43, 730.0, 60.0, 45.0, 40.0, 360.0, 75.0, 75.0, 75.0, 4.5, -, -, AP, 125.0, 115, APCR, 156.0, 110, HE, 39.0, 165
ussr, MT, 7, A44, 1100.0, 150.0, 60.0, 60.0, 370.0, 90.0, 90.0, 90.0, 9.7, -, -, AP, 167.0, 300, APCR, 219.0, 300, HE, 54.0, 360
ussr, MT, 8, Object416, 1200.0, 75.0, 45.0, 45.0, 380.0, 110.0, 75.0, 45.0, 6.8, -, -, AP, 201.0, 320, HEAT, 330.0, 320, HE, 50.0, 420
ussr, TD, 10, Object268, 1950.0, 187.0, 100.0, 50.0, 370.0, -, -, -, 16.5, -, -, AP, 303.0, 750, HEAT, 395.0, 750, HE, 90.0, 1100
ussr, MT, 10, T62A, 1950.0, 100.0, 80.0, 45.0, 400.0, 240.0, 161.0, 65.0, 7.1, -, -, APCR, 264.0, 320, HEAT, 330.0, 320, HE, 50.0, 420
ussr, TD, 10, Object263, 1900.0, 250.0, 80.0, 50.0, 390.0, -, -, -, 40.0, -, -, AP, 290.0, 550, APCR, 330.0, 550, HE, 75.0, 750
ussr, LT, 3, T-70, 230.0, 35.0, 15.0, 25.0, 310.0, 35.0, 35.0, 35.0, 2.2, -, -, AP, 75.0, 55, APCR, 110.0, 55, HE, 23.0, 65
ussr, LT, 2, T-60, 170.0, 35.0, 15.0, 25.0, 300.0, 25.0, 25.0, 25.0, 2.2, -, -, AP, 58.0, 40, APCR, 92.0, 40, HE, 19.0, 50
ussr, MT, 10, Object_907, 2000.0, 100.0, 85.0, 45.0, 400.0, 228.0, 180.0, 46.0, 8.1, -, -, APCR, 264.0, 320, HEAT, 330.0, 320, HE, 50.0, 420
ussr, LT, 4, T80, 350.0, 35.0, 25.0, 25.0, 330.0, 35.0, 35.0, 35.0, 3.6, 5, 180, AP, 46.0, 40, APCR, 62.0, 40, HE, 19.0, 50
ussr, SPG, 7, SU14_1, 350.0, 20.0, 20.0, 10.0, 330.0, -, -, -, 43.4, -, -, HE, 102.0, 1850, AP, 260.0, 1450, HE, 102.0, 1850
ussr, SPG, 5, SU122A, 210.0, 25.0, 15.0, 10.0, 300.0, -, -, -, 20.2, -, -, HE, 88.0, 910, HEAT, 250.0, 700, -, -, -
ussr, LT, 6, MT25, 570.0, 45.0, 40.0, 40.0, 370.0, 45.0, 45.0, 45.0, 3.6, 5, 180, AP, 46.0, 40, APCR, 62.0, 40, HE, 19.0, 50
ussr, LT, 6, MT25, 570.0, 45.0, 40.0, 40.0, 370.0, 45.0, 45.0, 45.0, 2.8, -, -, AP, 112.0, 85, APCR, 189.0, 85, HE, 29.0, 95
ussr, MT, 10, Object_140, 1900.0, 100.0, 80.0, 55.0, 400.0, 240.0, 187.0, 65.0, 7.1, -, -, APCR, 264.0, 320, HEAT, 330.0, 320, HE, 50.0, 420
ussr, MT, 10, Object_430, 2000.0, 120.0, 80.0, 40.0, 400.0, 248.0, 185.0, 63.0, 7.1, -, -, APCR, 264.0, 320, HEAT, 330.0, 320, HE, 50.0, 420
ussr, MT, 9, R104_Object_430_II, 1700.0, 120.0, 80.0, 40.0, 390.0, 248.0, 185.0, 63.0, 8.1, -, -, AP, 219.0, 320, HEAT, 330.0, 320, HE, 50.0, 420
ussr, LT, 8, R109_T54S, 1250.0, 80.0, 60.0, 45.0, 390.0, 160.0, 120.0, 60.0, 8.0, -, -, AP, 175.0, 250, APCR, 235.0, 250, HE, 50.0, 330
ussr, LT, 7, R107_LTB, 950.0, 90.0, 45.0, 40.0, 390.0, 90.0, 75.0, 52.0, 5.8, -, -, AP, 170.0, 180, APCR, 216.0, 180, HE, 44.0, 300
ussr, HT, 6, R106_KV85, 870.0, 75.0, 60.0, 60.0, 340.0, 100.0, 90.0, 90.0, 8.5, -, -, AP, 170.0, 250, APCR, 210.0, 250, HE, 50.0, 330
ussr, HT, 6, R106_KV85, 870.0, 75.0, 60.0, 60.0, 340.0, 100.0, 90.0, 90.0, 14.7, -, -, AP, 175.0, 390, APCR, 217.0, 390, HE, 61.0, 530
ussr, HT, 5, KV-220_test, 690.0, 120.0, 100.0, 100.0, 310.0, 90.0, 75.0, 75.0, 4.2, -, -, AP, 99.0, 110, APCR, 121.0, 110, HE, 38.0, 156
ussr, MT, 5, Matilda_II_LL, 610.0, 75.0, 70.0, 55.0, 350.0, 75.0, 75.0, 75.0, 3.7, -, -, AP, 86.0, 110, APCR, 102.0, 110, HE, 38.0, 156
ussr, HT, 5, Churchill_LL, 700.0, 176.0, 76.2, 50.8, 350.0, 88.0, 88.0, 76.2, 2.2, -, -, AP, 110.0, 75, APCR, 180.0, 75, -, -, -
ussr, LT, 3, BT-SV, 240.0, 25.0, 20.0, 16.0, 280.0, 25.0, 25.0, 25.0, 2.2, -, -, AP, 51.0, 47, APCR, 84.0, 47, HE, 23.0, 62
ussr, LT, 4, Valentine_LL, 380.0, 60.0, 60.0, 60.0, 350.0, 65.0, 65.0, 65.0, 2.2, -, -, AP, 51.0, 47, APCR, 84.0, 47, HE, 23.0, 62
ussr, LT, 3, M3_Stuart_LL, 220.0, 38.0, 25.0, 25.0, 280.0, 38.0, 25.0, 25.0, 2.5, -, -, AP, 48.0, 40, APCR, 70.0, 40, HE, 19.0, 50
ussr, MT, 4, A-32, 360.0, 35.0, 30.0, 16.0, 320.0, 35.0, 35.0, 35.0, 4.5, -, -, AP, 66.0, 110, AP, 98.0, 110, HE, 38.0, 164
ussr, HT, 8, KV-5, 1780.0, 180.0, 150.0, 140.0, 350.0, 180.0, 180.0, 180.0, 8.5, -, -, AP, 167.0, 300, APCR, 219.0, 300, HE, 54.0, 360
ussr, LT, 3, T-127, 250.0, 40.0, 30.0, 30.0, 320.0, 40.0, 30.0, 30.0, 2.2, -, -, AP, 51.0, 47, APCR, 84.0, 47, HE, 23.0, 62
ussr, TD, 5, SU_85I, 380.0, 60.0, 30.0, 50.0, 330.0, -, -, -, 4.3, -, -, AP, 119.0, 160, APCR, 161.0, 160, HE, 43.0, 280
ussr, HT, 5, KV-220, 690.0, 120.0, 100.0, 100.0, 310.0, 90.0, 75.0, 75.0, 4.2, -, -, AP, 99.0, 110, APCR, 121.0, 110, HE, 38.0, 156
ussr, TD, 3, SU76I, 160.0, 60.0, 30.0, 50.0, 300.0, -, -, -, 3.7, -, -, AP, 86.0, 110, APCR, 102.0, 110, HE, 38.0, 156
ussr, LT, 2, Tetrarch_LL, 140.0, 16.0, 14.0, 10.0, 260.0, 16.0, 14.0, 10.0, 2.0, -, -, AP, 64.0, 45, APCR, 121.0, 45, HE, 23.0, 60
ussr, TD, 6, SU100Y, 700.0, 60.0, 60.0, 60.0, 350.0, -, -, -, 13.5, -, -, AP, 196.0, 440, AP, 171.0, 510, HE, 65.0, 580
ussr, TD, 7, SU122_44, 840.0, 90.0, 75.0, 45.0, 330.0, -, -, -, 7.3, -, -, AP, 175.0, 390, APCR, 217.0, 390, HE, 64.0, 530
ussr, LT, 3, LTP, 230.0, 30.0, 20.0, 30.0, 310.0, 30.0, 30.0, 30.0, 2.2, -, -, AP, 51.0, 47, APCR, 84.0, 47, HE, 23.0, 62
ussr, MT, 6, R108_T34_85M, 720.0, 75.0, 45.0, 45.0, 350.0, 90.0, 75.0, 52.0, 5.0, -, -, AP, 126.0, 160, APCR, 167.0, 160, HE, 43.0, 280
ussr, HT, 10, R110_Object_260, 2100.0, 150.0, 150.0, 70.0, 400.0, 350.0, 240.0, 100.0, 12.5, -, -, APCR, 260.0, 440, HEAT, 340.0, 440, HE, 68.0, 530
ussr, HT, 7, R71_IS_2B, 1280.0, 100.0, 90.0, 60.0, 350.0, 100.0, 90.0, 90.0, 12.3, -, -, AP, 175.0, 390, APCR, 217.0, 390, HE, 61.0, 530
ussr, MT, 6, R117_T34_85_Rudy, 720.0, 45.0, 45.0, 40.0, 365.0, 90.0, 75.0, 52.0, 5.0, -, -, AP, 144.0, 180, APCR, 194.0, 180, HE, 44.0, 300
ussr, TD, 7, R116_ISU122C_Berlin, 870.0, 90.0, 90.0, 60.0, 350.0, -, -, -, 7.4, -, -, AP, 175.0, 390, APCR, 217.0, 390, HE, 64.0, 530
ussr, MT, 8, R112_T54_45, 1300.0, 120.0, 90.0, 45.0, 360.0, 180.0, 120.0, 75.0, 8.0, -, -, AP, 183.0, 250, APCR, 235.0, 250, HE, 50.0, 330
ussr, HT, 8, R115_IS-3_auto, 1550.0, 110.0, 90.0, 60.0, 350.0, 249.0, 172.0, 100.0, 12.3, -, -, APCR, 221.0, 390, HEAT, 270.0, 390, HE, 61.0, 530
ussr, LT, 3, R105_BT_7A, 220.0, 20.0, 19.0, 13.0, 290.0, 15.0, 15.0, 13.0, 4.5, -, -, HE, 38.0, 164, AP, 37.0, 110, -, -, -
ussr, MT, 4, R118_T28_F30, 380.0, 50.0, 40.0, 50.0, 350.0, 50.0, 40.0, 40.0, 5.1, -, -, AP, 120.0, 160, APCR, 161.0, 160, HE, 43.0, 280
ussr, MT, 8, R122_T44_100, 1350.0, 90.0, 75.0, 45.0, 380.0, 120.0, 100.0, 100.0, 4.0, -, -, AP, 183.0, 250, APCR, 235.0, 250, HE, 50.0, 330
ussr, TD, 8, R121_KV4_KTT, 1200.0, 200.0, 125.0, 125.0, 350.0, -, -, -, 8.8, -, -, AP, 227.0, 320, APCR, 289.0, 320, HE, 62.0, 420
ussr, MT, 8, R127_T44_100_P, 1350.0, 90.0, 75.0, 45.0, 380.0, 120.0, 100.0, 100.0, 4.0, -, -, AP, 183.0, 250, APCR, 235.0, 250, HE, 50.0, 330
ussr, LT, 2, R125_T_45, 140.0, 25.0, 15.0, 25.0, 300.0, 35.0, 35.0, 35.0, 2.2, -, -, AP, 51.0, 47, APCR, 84.0, 47, HE, 23.0, 62
